Country,Year,Trade Balance,Regulatory Quality
AFGHANISTAN,2013,-55569416.0,10.4265403747559
AFGHANISTAN,2014,-23496631.0,11.057692527771
AFGHANISTAN,2015,-36439803.0,13.8095235824585
AFGHANISTAN,2016,-40956211.0,7.14285707473755
AFGHANISTAN,2017,-29762248.98,7.14285707473755
AFGHANISTAN,2018,-32152633.84,10.4761905670166
AFGHANISTAN,2019,-30432458.68,10.4761905670166
ALBANIA,2013,252732266.0,61.1374397277832
ALBANIA,2014,155549561.0,62.980770111084
ALBANIA,2015,140287607.0,59.523811340332
ALBANIA,2016,152036674.0,60.9523811340332
ALBANIA,2017,200093624.04299992,61.9047622680664
ALBANIA,2018,243068382.20599997,62.8571434020996
ALBANIA,2019,219104650.65500003,61.9047622680664
ALBANIA,2020,198452802.08200008,58.5714302062988
ALBANIA,2021,211701059.31700003,58.5714302062988
ALBANIA,2022,237635521.915,57.5471687316895
ALBANIA,2023,275539211.3249999,58.4905662536621
ANDORRA,2013,-253396758.79399997,92.890998840332
ANDORRA,2014,-132706869.52300002,78.3653869628906
ANDORRA,2015,-105134660.101,78.5714263916016
ANDORRA,2016,-103658629.974,78.0952377319336
ANDORRA,2017,-111990607.306,85.7142868041992
ANDORRA,2018,-112418786.008,85.7142868041992
ANDORRA,2019,-101192413.378,86.1904754638672
ANDORRA,2020,-70818427.52700001,88.5714263916016
ANDORRA,2021,-84229575.81100002,89.523811340332
ANDORRA,2022,-101953434.963,90.0943374633789
ANDORRA,2023,-103589506.22100002,89.6226425170898
ANGOLA,2013,-354614644.0,15.6398105621338
ANGOLA,2014,-211265417.0,21.634614944458
ANGOLA,2015,-271729412.47999996,21.9047622680664
ANGOLA,2016,-90608091.75,15.2380952835083
ANGOLA,2017,-159378956.49000007,12.380952835083
ANGOLA,2018,-106538107.109,20.9523811340332
ANGOLA,2019,-117131899.66399996,18.0952377319336
ANGOLA,2020,-60483611.918000005,19.0476188659668
ANGOLA,2021,-69042308.553,27.1428565979004
ANGOLA,2022,-127552474.688,29.7169818878174
ANGOLA,2023,-99109361.95,22.6415100097656
ANTIGUA AND BARBUDA,2013,-14889254.0,69.6682434082031
ANTIGUA AND BARBUDA,2014,-8398461.0,69.2307662963867
ANTIGUA AND BARBUDA,2015,-8502368.0,64.7619018554688
ANTIGUA AND BARBUDA,2016,-7839831.0,65.2380981445312
ANTIGUA AND BARBUDA,2017,-8339424.995999999,63.3333320617676
ANTIGUA AND BARBUDA,2018,-9141061.088000003,65.7142868041992
ANTIGUA AND BARBUDA,2019,-8487665.64,67.6190490722656
ANTIGUA AND BARBUDA,2020,-5472599.24,68.5714263916016
ANTIGUA AND BARBUDA,2021,-5855302.700999999,64.2857131958008
ANTIGUA AND BARBUDA,2022,-8617514.043,61.3207550048828
ANTIGUA AND BARBUDA,2023,-8377524.967,70.2830200195312
ARGENTINA,2013,-583159620.0,19.9052124023438
ARGENTINA,2014,-274501163.0799999,14.4230766296387
ARGENTINA,2015,-288587748.8700001,19.5238094329834
ARGENTINA,2016,-378631581.59,40.476188659668
ARGENTINA,2017,-485113389.7,43.8095245361328
ARGENTINA,2018,-554223025.21,45.7142868041992
ARGENTINA,2019,-392317372.80999994,34.761905670166
ARGENTINA,2020,-300610758.57000005,33.3333320617676
ARGENTINA,2021,-383049387.44,30.0
ARGENTINA,2022,-396357895.24,25.943395614624
ARGENTINA,2023,-395893875.1199999,35.3773574829102
ARMENIA,2013,-83065012.0,59.7156410217285
ARMENIA,2014,-34063693.0,56.25
ARMENIA,2015,-10333418.0,60.0
ARMENIA,2016,-17836941.0,62.3809509277344
ARMENIA,2017,-8621223.429999962,62.8571434020996
ARMENIA,2018,20661125.25999999,64.2857131958008
ARMENIA,2019,-4160830.419999957,61.4285697937012
ARMENIA,2020,-15114138.200000005,59.523811340332
ARMENIA,2021,14503128.79000002,57.1428565979004
ARMENIA,2022,-4152282.8700000346,51.886791229248
ARMENIA,2023,-30154453.03999996,52.8301887512207
ARUBA,2013,-44918817.0,90.5213241577148
ARUBA,2014,-48664399.0,88.461540222168
ARUBA,2015,-46777114.0,90.476188659668
ARUBA,2016,-45189748.940000005,89.0476226806641
ARUBA,2017,-46897048.217999995,83.8095245361328
ARUBA,2018,-47191711.339,77.6190490722656
ARUBA,2019,-45735251.051,75.7142868041992
ARUBA,2020,-27813096.875000004,77.6190490722656
ARUBA,2021,-40821515.626,79.0476226806641
ARUBA,2022,-54568831.62199999,77.8301849365234
ARUBA,2023,-55319760.10199999,80.1886825561523
AUSTRALIA,2013,-11804020854.0,97.1563949584961
AUSTRALIA,2014,-6164720717.0,98.0769195556641
AUSTRALIA,2015,-6212050081.0,96.1904754638672
AUSTRALIA,2016,-6006536800.0,97.6190490722656
AUSTRALIA,2017,-6473242409.394,98.0952377319336
AUSTRALIA,2018,-6862853746.208001,98.0952377319336
AUSTRALIA,2019,-6841188002.201,98.5714263916016
AUSTRALIA,2020,-6841618206.079,98.0952377319336
AUSTRALIA,2021,-8049854840.335001,98.5714263916016
AUSTRALIA,2022,-8696574411.824,99.5283050537109
AUSTRALIA,2023,-7658746365.333,99.5283050537109
AUSTRIA,2013,-6991768900.272,91.4691925048828
AUSTRIA,2014,-3658010794.488,91.3461532592773
AUSTRIA,2015,-3307662936.051,91.4285736083984
AUSTRIA,2016,-3512108680.4499993,91.4285736083984
AUSTRIA,2017,-3903021156.764001,90.9523773193359
AUSTRIA,2018,-4094724344.409,91.4285736083984
AUSTRIA,2019,-3840548191.1080017,91.4285736083984
AUSTRIA,2020,-3735216355.927,90.9523773193359
AUSTRIA,2021,-4156923986.938998,87.1428604125977
AUSTRIA,2022,-4100244183.01,87.2641525268555
AUSTRIA,2023,-3696903962.5539994,90.0943374633789
AZERBAIJAN,2013,-83905026.0,36.4928894042969
AZERBAIJAN,2014,-59063816.0,43.75
AZERBAIJAN,2015,-49720673.42,40.0
AZERBAIJAN,2016,-220818201.56,39.0476188659668
AZERBAIJAN,2017,-204170866.39,38.0952377319336
AZERBAIJAN,2018,-284228169.40999997,39.523811340332
AZERBAIJAN,2019,-291048358.59000003,44.2857131958008
AZERBAIJAN,2020,-217713224.92,39.0476188659668
AZERBAIJAN,2021,-284670961.48,50.476188659668
AZERBAIJAN,2022,-307056019.13000005,48.113208770752
AZERBAIJAN,2023,-429715008.4799999,49.0566024780273
BAHAMAS,2013,-86015970.0,58.2938385009766
BAHAMAS,2014,-43841219.0,56.730770111084
BAHAMAS,2015,-46781094.0,57.6190490722656
BAHAMAS,2016,-46731187.0,63.8095245361328
BAHAMAS,2017,-56109287.580000006,59.0476188659668
BAHAMAS,2018,-80258452.98,61.9047622680664
BAHAMAS,2019,-49919116.718,50.0
BAHAMAS,2020,-31691031.0,52.3809509277344
BAHAMAS,2021,-53250671.0,54.2857131958008
BAHAMAS,2022,-65328275.0,47.1698112487793
BAHAMAS,2023,-78596925.0,51.886791229248
BAHRAIN,2013,-112531482.0,70.1421813964844
BAHRAIN,2014,-94994443.0,73.0769195556641
BAHRAIN,2015,507891492.19299984,76.6666641235352
BAHRAIN,2016,20051346.038000047,70.476188659668
BAHRAIN,2017,-221009620.70000008,66.6666641235352
BAHRAIN,2018,-238384133.96399996,66.6666641235352
BAHRAIN,2019,-219596429.56999996,68.0952377319336
BAHRAIN,2020,-210980352.2,72.3809509277344
BAHRAIN,2021,-208095920.564,76.1904754638672
BAHRAIN,2022,-244745534.0710001,78.301887512207
BAHRAIN,2023,-251198897.11999995,83.9622650146484
BARBADOS,2013,-36270324.0,66.3507080078125
BARBADOS,2014,-17368103.0,64.4230804443359
BARBADOS,2015,-13767455.0,68.5714263916016
BARBADOS,2016,-12127553.0,67.1428604125977
BARBADOS,2017,-8196288.0,70.476188659668
BARBADOS,2018,-15695532.5,70.476188659668
BARBADOS,2019,-13753623.0,65.2380981445312
BARBADOS,2020,-12480281.0,66.1904754638672
BARBADOS,2021,-13761483.5,71.4285736083984
BARBADOS,2022,-14211900.0,67.9245300292969
BARBADOS,2023,-14014849.5,67.4528274536133
BELARUS,2013,403849600.0,11.3744077682495
BELARUS,2014,67024300.0,12.5
BELARUS,2015,51809000.0,10.4761905670166
BELARUS,2016,88760900.0,12.380952835083
BELARUS,2017,21919000.0,18.0952377319336
BELARUS,2018,12003200.0,19.0476188659668
BELARUS,2019,-7756600.0,27.619047164917
BELARUS,2020,26809800.0,21.4285717010498
BELARUS,2021,30704300.0,17.1428565979004
BELGIUM,2013,-5551228234.172001,87.6777267456055
BELGIUM,2014,-2811715916.6940007,84.1346130371094
BELGIUM,2015,-2328969027.288998,88.5714263916016
BELGIUM,2016,-2322965981.966999,88.5714263916016
BELGIUM,2017,-2511903889.787999,86.6666641235352
BELGIUM,2018,-2818826027.1309996,86.6666641235352
BELGIUM,2019,-2575971992.1820006,87.6190490722656
BELGIUM,2020,-2708318943.922,89.0476226806641
BELGIUM,2021,-2731719222.62,86.6666641235352
BELGIUM,2022,-212054640.84700012,86.7924499511719
BELGIUM,2023,-1965087261.711,85.8490600585938
BELIZE,2013,-10432334.0,35.5450248718262
BELIZE,2014,-50246641.0,34.1346168518066
BELIZE,2015,-55192413.0,35.7142868041992
BELIZE,2016,-47871373.0,33.3333320617676
BELIZE,2017,-48698051.56,30.4761905670166
BELIZE,2018,-52903132.529999994,28.0952377319336
BELIZE,2019,-52928385.739999995,30.9523811340332
BELIZE,2020,-25014301.41,31.9047622680664
BELIZE,2021,-38388293.51,36.6666679382324
BELIZE,2022,-61733342.76,35.8490562438965
BELIZE,2023,-52190721.53,35.8490562438965
BENIN,2013,-18488298.0,37.4407577514648
BENIN,2014,-7446513.0,29.8076915740967
BENIN,2015,-5093311.786000002,29.5238094329834
BENIN,2016,-3430073.897,29.0476188659668
BENIN,2017,-3292552.101999999,31.4285717010498
BENIN,2018,-4791696.295999999,37.1428565979004
BENIN,2019,-2955398.876,35.238094329834
BENIN,2020,-3385875.5130000003,35.238094329834
BENIN,2021,-4328688.575,36.1904754638672
BENIN,2022,-5948634.206000001,39.6226425170898
BENIN,2023,-2268567.1659999993,40.5660362243652
BERMUDA,2013,-57464216.0,89.0995254516602
BERMUDA,2014,-27923899.0,78.3653869628906
BERMUDA,2015,-27785024.0,78.5714263916016
BERMUDA,2016,-28084510.0,78.0952377319336
BERMUDA,2017,-28662280.49,78.0952377319336
BERMUDA,2018,-27359900.210000005,77.1428604125977
BERMUDA,2019,-24906958.93,75.2380981445312
BERMUDA,2020,-20665410.55000001,79.523811340332
BERMUDA,2021,-28384257.429999996,80.9523773193359
BERMUDA,2022,-30716688.850000005,80.1886825561523
BERMUDA,2023,-33044743.74000001,79.2452850341797
BOLIVIA,2013,-86603296.05999999,24.1706161499023
BOLIVIA,2014,-32898479.85000001,19.7115383148193
BOLIVIA,2015,-49859180.27999999,17.619047164917
BOLIVIA,2016,-52243603.42,12.8571424484253
BOLIVIA,2017,-47165053.3,13.8095235824585
BOLIVIA,2018,-42139383.17999999,12.8571424484253
BOLIVIA,2019,-44674170.21,12.8571424484253
BOLIVIA,2020,-39621383.57,12.8571424484253
BOLIVIA,2021,-43881838.97,10.9523811340332
BOLIVIA,2022,-53794852.38,10.3773584365845
BOLIVIA,2023,-49483981.12,11.7924528121948
BOSNIA AND HERZEGOVINA,2013,27873646.0,50.2369651794434
BOSNIA AND HERZEGOVINA,2014,14220608.0,50.480770111084
BOSNIA AND HERZEGOVINA,2015,38153964.0,46.6666679382324
BOSNIA AND HERZEGOVINA,2016,15729897.0,48.5714302062988
BOSNIA AND HERZEGOVINA,2017,38270063.80999997,50.476188659668
BOSNIA AND HERZEGOVINA,2018,62791709.0,47.1428565979004
BOSNIA AND HERZEGOVINA,2019,31189991.943999887,48.5714302062988
BOSNIA AND HERZEGOVINA,2020,5572316.509999931,44.761905670166
BOSNIA AND HERZEGOVINA,2021,-22139987.879999936,46.1904754638672
BOSNIA AND HERZEGOVINA,2022,-38259045.03999996,45.7547187805176
BOSNIA AND HERZEGOVINA,2023,-25741434.462000012,46.698112487793
BOTSWANA,2013,-174749858.606,72.0379180908203
BOTSWANA,2014,-91127562.854,75.961540222168
BOTSWANA,2015,-88230484.927,69.0476226806641
BOTSWANA,2016,-82652703.0,75.2380981445312
BOTSWANA,2017,-77758263.95899999,71.9047622680664
BOTSWANA,2018,-84638540.93,73.3333358764648
BOTSWANA,2019,-68332529.29999998,69.0476226806641
BOTSWANA,2020,-58469014.02399999,70.9523773193359
BOTSWANA,2021,-87779620.17999999,71.9047622680664
BOTSWANA,2022,-94067001.698,72.1698150634766
BOTSWANA,2023,-69917379.8,66.9811325073242
BRAZIL,2013,-5299093370.0,56.3981056213379
BRAZIL,2014,-2802813209.0,50.961540222168
BRAZIL,2015,-2572078894.0,47.1428565979004
BRAZIL,2016,-1375467585.0,46.6666679382324
BRAZIL,2017,-1709383186.0,47.6190490722656
BRAZIL,2018,-1987629860.0,40.476188659668
BRAZIL,2019,-1814393339.0,49.0476188659668
BRAZIL,2020,-1419565825.0,47.6190490722656
BRAZIL,2021,-1694023019.0,47.1428565979004
BRAZIL,2022,-1932762449.0,43.8679237365723
BRAZIL,2023,-2010649631.0,40.0943412780762
BRUNEI DARUSSALAM,2013,-191299994.0,82.4644546508789
BRUNEI DARUSSALAM,2014,-39844762.0,79.8076934814453
BRUNEI DARUSSALAM,2015,-30493714.0,77.1428604125977
BRUNEI DARUSSALAM,2016,-29175124.0,69.523811340332
BRUNEI DARUSSALAM,2017,-27513994.887,75.2380981445312
BRUNEI DARUSSALAM,2018,-22858445.926999994,74.2857131958008
BRUNEI DARUSSALAM,2019,-27457427.480000004,73.3333358764648
BRUNEI DARUSSALAM,2020,-29767614.51,76.6666641235352
BRUNEI DARUSSALAM,2021,-51504955.28,81.4285736083984
BRUNEI DARUSSALAM,2022,-59122451.993,82.5471725463867
BRUNEI DARUSSALAM,2023,-38810272.743999995,80.6603775024414
BULGARIA,2013,2562963130.0,67.7725143432617
BULGARIA,2014,1277378375.0,70.1923065185547
BULGARIA,2015,1035404144.0,70.476188659668
BULGARIA,2016,1065458399.281,74.2857131958008
BULGARIA,2017,1022727687.8240002,73.3333358764648
BULGARIA,2018,1005812624.5700004,72.3809509277344
BULGARIA,2019,896452026.2270001,70.476188659668
BULGARIA,2020,734989812.2790003,65.7142868041992
BULGARIA,2021,623773484.541,66.6666641235352
BULGARIA,2022,469060059.2349998,61.7924537658691
BULGARIA,2023,459542262.2990004,65.5660400390625
BURKINA FASO,2013,-28089160.749,45.971565246582
BURKINA FASO,2014,-19213750.584,40.3846168518066
BURKINA FASO,2015,-11800943.097,37.6190490722656
BURKINA FASO,2016,-28818362.0,35.7142868041992
BURKINA FASO,2017,-24464311.821,33.3333320617676
BURKINA FASO,2018,-28425629.004,36.1904754638672
BURKINA FASO,2019,-24321961.10799999,36.1904754638672
BURKINA FASO,2020,-35183390.066,35.7142868041992
BURKINA FASO,2021,-46562642.424,35.238094329834
BURKINA FASO,2022,-35655791.374000005,34.4339637756348
BURKINA FASO,2023,-18318792.281,34.9056587219238
BURUNDI,2013,-17033420.0,21.8009471893311
BURUNDI,2014,-4981154.0,26.4423084259033
BURUNDI,2015,-11370678.0,25.7142848968506
BURUNDI,2016,-11562173.0,20.4761905670166
BURUNDI,2017,-10313273.554,17.1428565979004
BURUNDI,2018,-10692624.525000002,12.380952835083
BURUNDI,2019,-11862783.180000002,13.3333330154419
BURUNDI,2020,-6784949.964000001,11.9047622680664
BURUNDI,2021,-11606107.785,13.3333330154419
BURUNDI,2022,-8225918.154,17.4528293609619
CABO VERDE,2013,-461068.4059999995,47.8672981262207
CABO VERDE,2014,642456.1969999997,46.1538467407227
CABO VERDE,2015,1775041.359000001,47.6190490722656
CABO VERDE,2016,657297.0,46.1904754638672
CABO VERDE,2017,1890203.8390000009,49.523811340332
CABO VERDE,2018,1404925.9800000004,50.9523811340332
CABO VERDE,2019,447207.7139999997,51.4285697937012
CABO VERDE,2020,-3526355.4629999995,57.6190490722656
CABO VERDE,2021,-5345535.781999999,60.476188659668
CABO VERDE,2022,-6154387.558,60.8490562438965
CABO VERDE,2023,-4503472.040000001,59.9056587219238
CAMBODIA,2013,9303231850.0,40.2843589782715
CAMBODIA,2014,5125111701.0,35.5769233703613
CAMBODIA,2015,5787902690.0,32.8571434020996
CAMBODIA,2016,6521220905.0,33.8095245361328
CAMBODIA,2017,6923832042.62,31.9047622680664
CAMBODIA,2018,7721808619.62,31.4285717010498
CAMBODIA,2019,8168513203.080001,30.0
CAMBODIA,2020,7384300472.909999,30.0
CAMBODIA,2021,7571432360.25,26.6666660308838
CAMBODIA,2022,8901721336.55,25.0
CAMBODIA,2023,7722546852.77,25.4716987609863
CAMEROON,2013,-42621856.0,18.0094795227051
CAMEROON,2014,-20730818.0,19.230770111084
CAMEROON,2015,-19076133.0,16.1904754638672
CAMEROON,2016,-20411756.0,22.380952835083
CAMEROON,2017,-15521537.318999998,18.5714282989502
CAMEROON,2018,-17699597.179,19.5238094329834
CAMEROON,2019,-24081814.671,17.1428565979004
CAMEROON,2020,-17194524.510000005,20.4761905670166
CAMEROON,2021,-18006096.066000007,16.6666660308838
CAMEROON,2022,-23470670.719999995,19.3396224975586
CAMEROON,2023,-25072675.887,19.3396224975586
CANADA,2013,-17073316352.0,95.2606658935547
CANADA,2014,-8567772785.0,97.5961532592773
CANADA,2015,-8323808412.435999,93.8095245361328
CANADA,2016,-8098595640.752,94.2857131958008
CANADA,2017,-8427636459.599001,97.6190490722656
CANADA,2018,-8749275809.332,94.2857131958008
CANADA,2019,-9089076333.649,95.7142868041992
CANADA,2020,-8877706759.244001,94.2857131958008
CANADA,2021,-9638794380.779,94.2857131958008
CANADA,2022,-10857241222.074,95.7547149658203
CANADA,2023,-9665139015.150002,94.8113174438477
CAYMAN ISLANDS,2013,-33757274.0,83.4123229980469
CAYMAN ISLANDS,2015,-22626196.0,76.1904754638672
CAYMAN ISLANDS,2020,-41932834.23500001,82.3809509277344
CAYMAN ISLANDS,2021,-51324022.42599999,82.3809509277344
CAYMAN ISLANDS,2022,-86109414.291,83.4905624389648
CAYMAN ISLANDS,2023,-93104290.558,83.4905624389648
CENTRAL AFRICAN REPUBLIC,2013,-342920.0,10.9004735946655
CENTRAL AFRICAN REPUBLIC,2014,-928178.0,6.73076915740967
CENTRAL AFRICAN REPUBLIC,2015,-618871.0,5.7142858505249
CENTRAL AFRICAN REPUBLIC,2016,-2703284.0,6.1904764175415
CENTRAL AFRICAN REPUBLIC,2017,-2064463.656,5.2380952835083
CENTRAL AFRICAN REPUBLIC,2018,-4130869.0,7.61904764175415
CENTRAL AFRICAN REPUBLIC,2019,-6234208.601,7.61904764175415
CENTRAL AFRICAN REPUBLIC,2020,-6347303.46,6.1904764175415
CENTRAL AFRICAN REPUBLIC,2021,-7474455.072000001,5.2380952835083
CENTRAL AFRICAN REPUBLIC,2022,-5751195.281999999,6.13207530975342
CENTRAL AFRICAN REPUBLIC,2023,-2493910.0999999996,6.13207530975342
CHILE,2013,-4898082755.092,91.9431304931641
CHILE,2014,-2547757735.309,91.8269195556641
CHILE,2015,-2453408210.942,89.0476226806641
CHILE,2016,-2413013185.0740004,90.0
CHILE,2017,-2847408706.9749994,89.0476226806641
CHILE,2018,-3011434933.88,88.0952377319336
CHILE,2019,-2610289583.365,83.3333358764648
CHILE,2020,-1919658966.267,80.476188659668
CHILE,2021,-2848880678.653,78.5714263916016
CHILE,2022,-3693517342.605,81.1320724487305
CHILE,2023,-2696259546.825,76.8867950439453
COLOMBIA,2013,-399851506.0,63.0331764221191
COLOMBIA,2014,-301920316.0,66.8269195556641
COLOMBIA,2015,-165602473.0,66.1904754638672
COLOMBIA,2016,-132472231.0,65.7142868041992
COLOMBIA,2017,-218626362.42999995,64.2857131958008
COLOMBIA,2018,-274841174.09,62.3809509277344
COLOMBIA,2019,-287088513.6199998,63.8095245361328
COLOMBIA,2020,-148619041.9500001,59.0476188659668
COLOMBIA,2021,-230115623.55999988,60.0
COLOMBIA,2022,-327151876.06999993,56.6037750244141
COLOMBIA,2023,-189104788.3700001,54.2452812194824
COMOROS,2013,-3342293.11,9.95260620117188
COMOROS,2014,-1954102.2150000003,11.5384616851807
COMOROS,2015,-1550448.6189999997,12.380952835083
COMOROS,2016,2604701.059,11.9047622680664
COMOROS,2017,-2187113.0000000005,11.4285717010498
COMOROS,2018,-2309530.16,9.5238094329834
COMOROS,2019,-1619704.6399999997,9.5238094329834
COMOROS,2020,-1867220.064,10.0
COMOROS,2021,-2889903.7559999996,9.0476188659668
CONGO,2013,-32222074.0,7.5829381942749
CONGO,2014,-23603587.121,9.13461494445801
CONGO,2015,-15197466.187999995,7.14285707473755
CONGO,2016,-12530556.594,10.0
CONGO,2017,-21178737.07,6.66666650772095
CONGO,2018,-8366582.691999999,6.66666650772095
CONGO,2019,-8537543.945999999,8.5714282989502
CONGO,2020,-8098848.899999999,7.14285707473755
CONGO,2021,-9763141.760000004,9.5238094329834
CONGO,2022,-12994370.414,9.43396186828613
COSTA RICA,2013,-342808458.0,73.9336471557617
COSTA RICA,2014,-191771212.0,71.6346130371094
COSTA RICA,2015,-238775166.0,72.3809509277344
COSTA RICA,2016,-248695399.0,68.5714263916016
COSTA RICA,2017,-270685898.987,69.0476226806641
COSTA RICA,2018,-297241751.92999995,68.5714263916016
COSTA RICA,2019,-274083399.85,70.9523773193359
COSTA RICA,2020,-220389534.43,67.6190490722656
COSTA RICA,2021,-339687105.39,67.1428604125977
COSTA RICA,2022,-320492511.9700001,71.2264175415039
COSTA RICA,2023,-317761194.8820001,69.8113174438477
COTE D'IVOIRE,2013,-23724880.651,24.6445503234863
COTE D'IVOIRE,2014,-38286992.039000005,30.2884616851807
COTE D'IVOIRE,2015,-36005083.848000005,32.3809509277344
COTE D'IVOIRE,2016,-35673142.307,37.6190490722656
COTE D'IVOIRE,2017,-36111514.989,35.238094329834
COTE D'IVOIRE,2018,-37500836.425,43.8095245361328
COTE D'IVOIRE,2019,-37460742.76900001,42.3809509277344
COTE D'IVOIRE,2020,-34657442.5,37.6190490722656
COTE D'IVOIRE,2021,-41486988.055,43.3333320617676
COTE D'IVOIRE,2022,-47229884.013,46.2264137268066
COTE D'IVOIRE,2023,-45323210.675,48.5849075317383
CROATIA,2013,-231824222.0,63.9810409545898
CROATIA,2014,-260890722.0,62.5
CROATIA,2015,-248550276.0,61.9047622680664
CROATIA,2016,-319587778.0,63.3333320617676
CROATIA,2017,-359434710.0,64.7619018554688
CROATIA,2018,-460835599.0,69.0476226806641
CROATIA,2019,-468864454.0,71.9047622680664
CROATIA,2020,-541313701.0,63.3333320617676
CROATIA,2021,-605553236.0,68.0952377319336
CROATIA,2022,-662047219.0,68.3962249755859
CROATIA,2023,-718919473.0,72.1698150634766
CUBA,2016,-88084827.95999998,6.66666650772095
CUBA,2017,-68583635.34,7.61904764175415
CUBA,2018,-57547570.190000005,6.1904764175415
CUBA,2019,-40029060.150000006,5.7142858505249
CUBA,2020,-41094210.49,5.2380952835083
CUBA,2021,-35515532.81999999,6.1904764175415
CUBA,2022,-45634475.64999999,7.07547187805176
CYPRUS,2013,-539339821.4080001,78.1990509033203
CYPRUS,2014,-303938760.46599996,82.6923065185547
CYPRUS,2015,-238773927.906,80.476188659668
CYPRUS,2016,-243606133.01,81.9047622680664
CYPRUS,2017,-264002517.28199995,80.9523773193359
CYPRUS,2018,-278400366.93500006,78.0952377319336
CYPRUS,2019,-277378093.89599997,80.0
CYPRUS,2020,-256523849.91099992,80.9523773193359
CYPRUS,2021,-335215502.91700006,76.6666641235352
CYPRUS,2022,-323267538.96799994,75.4716949462891
CYPRUS,2023,-359741215.2850001,75.9433975219727
CZECHIA,2013,-1366900176.0,81.0426559448242
CZECHIA,2014,-923900871.0,80.7692337036133
CZECHIA,2015,-847005483.0,81.4285736083984
CZECHIA,2016,-862983483.0,80.9523773193359
CZECHIA,2017,-825015642.0,86.1904754638672
CZECHIA,2018,-819500770.0,87.1428604125977
CZECHIA,2019,-945534281.0,86.6666641235352
CZECHIA,2020,-1062875258.0,86.6666641235352
CZECHIA,2021,-1124676113.0,87.6190490722656
CZECHIA,2022,-1412963278.0,88.6792449951172
CZECHIA,2023,-994361329.0,87.7358474731445
DEMOCRATIC REPUBLIC OF THE CONGO,2015,-20636517.826,6.1904764175415
DEMOCRATIC REPUBLIC OF THE CONGO,2016,-17677660.425,7.61904764175415
DEMOCRATIC REPUBLIC OF THE CONGO,2017,-18273502.319,6.1904764175415
DEMOCRATIC REPUBLIC OF THE CONGO,2018,-22262315.051999997,5.7142858505249
DEMOCRATIC REPUBLIC OF THE CONGO,2019,-26709953.04,5.2380952835083
DEMOCRATIC REPUBLIC OF THE CONGO,2020,-28670111.773999996,5.7142858505249
DEMOCRATIC REPUBLIC OF THE CONGO,2021,-42054328.21700001,6.66666650772095
DEMOCRATIC REPUBLIC OF THE CONGO,2022,-55003909.782,5.66037750244141
DEMOCRATIC REPUBLIC OF THE CONGO,2023,-77772858.401,8.01886749267578
DENMARK,2013,-1137869136.0,97.6303329467773
DENMARK,2014,-771256672.0,93.75
DENMARK,2015,-574115826.0,94.7619018554688
DENMARK,2016,-505269095.14000034,92.3809509277344
DENMARK,2017,-407218368.1069984,92.3809509277344
DENMARK,2018,-369420693.7340002,93.8095245361328
DENMARK,2019,-481032082.31899834,92.3809509277344
DENMARK,2020,-410834229.84300137,97.6190490722656
DENMARK,2021,-410689376.47599983,97.6190490722656
DENMARK,2022,-735584221.316,98.5849075317383
DENMARK,2023,161326329.9819994,98.1132049560547
DOMINICA,2013,-7498966.178,61.6113739013672
DOMINICA,2016,-3166690.1660000007,60.476188659668
DOMINICA,2017,-2569139.4089999995,60.0
DOMINICA,2018,-3783700.575000001,60.476188659668
DOMINICA,2019,-4006995.349,60.9523811340332
DOMINICA,2020,-2063704.974,60.9523811340332
DOMINICA,2021,-2624745.1529999995,61.4285697937012
DOMINICA,2022,-3313672.2419999996,62.7358474731445
DOMINICA,2023,-2541534.1249999995,61.3207550048828
DOMINICAN REPUBLIC,2013,718427634.0,53.0805702209473
DOMINICAN REPUBLIC,2014,527827194.90799993,53.3653831481934
DOMINICAN REPUBLIC,2015,596222351.5339999,52.3809509277344
DOMINICAN REPUBLIC,2016,601257041.619,52.8571434020996
DOMINICAN REPUBLIC,2017,675380715.9580004,52.3809509277344
DOMINICAN REPUBLIC,2018,608392506.2030001,51.9047622680664
DOMINICAN REPUBLIC,2019,612898439.2839999,52.8571434020996
DOMINICAN REPUBLIC,2020,197874634.322,54.2857131958008
DOMINICAN REPUBLIC,2021,244223070.94900012,56.1904754638672
DOMINICAN REPUBLIC,2022,371110268.7630001,54.2452812194824
DOMINICAN REPUBLIC,2023,466644244.3300001,58.0188674926758
ECUADOR,2013,-557196858.0,23.222749710083
ECUADOR,2014,-286815501.0,17.7884616851807
ECUADOR,2015,-249352917.0,11.9047622680664
ECUADOR,2016,-152776397.0,16.1904754638672
ECUADOR,2017,-189456793.11999995,13.3333330154419
ECUADOR,2018,-224291473.429,16.1904754638672
ECUADOR,2019,-244838312.369,20.0
ECUADOR,2020,-169518202.854,18.0952377319336
ECUADOR,2021,-231949615.565,25.7142848968506
ECUADOR,2022,-306526992.79999995,35.3773574829102
ECUADOR,2023,-333476279.00000006,23.5849056243896
EGYPT,2013,839979367.0,31.2796211242676
EGYPT,2014,381699249.0,28.365385055542
EGYPT,2015,140956219.74,24.761905670166
EGYPT,2016,605171095.7800003,17.619047164917
EGYPT,2017,1011063266.558,20.9523811340332
EGYPT,2018,994308266.267,20.4761905670166
EGYPT,2019,1114512692.877,21.9047622680664
EGYPT,2020,1028372400.0959996,31.4285717010498
EGYPT,2021,1574207932.659,34.2857131958008
EGYPT,2022,2106211159.276,24.5283012390137
EGYPT,2023,2100738033.031,26.8867931365967
EL SALVADOR,2013,3321319143.4400005,59.2417068481445
EL SALVADOR,2014,1666612188.8699996,61.0576934814453
EL SALVADOR,2015,1755810567.23,54.761905670166
EL SALVADOR,2016,1730680681.0300002,51.4285697937012
EL SALVADOR,2017,1714525463.9900005,45.7142868041992
EL SALVADOR,2018,1623218698.4099998,52.8571434020996
EL SALVADOR,2019,1488350603.6299996,50.9523811340332
EL SALVADOR,2020,1096294766.9699996,49.0476188659668
EL SALVADOR,2021,1517171460.62,39.523811340332
EL SALVADOR,2022,1570214702.87,34.9056587219238
EL SALVADOR,2023,1358936519.58,39.6226425170898
ESTONIA,2013,88608270.0,90.9952621459961
ESTONIA,2014,-162379384.0,93.2692337036133
ESTONIA,2015,-100926268.0,93.3333358764648
ESTONIA,2016,-119682285.42800003,93.3333358764648
ESTONIA,2017,-128936977.273,93.3333358764648
ESTONIA,2018,-153443284.70900005,91.9047622680664
ESTONIA,2019,-168046848.60400003,92.8571395874023
ESTONIA,2020,-165361818.43999994,92.8571395874023
ESTONIA,2021,-211538087.53,92.8571395874023
ESTONIA,2022,-209420294.31000003,92.9245300292969
ESTONIA,2023,-211853293.74999985,91.0377349853516
ESWATINI,2013,114767903.84799998,46.9194297790527
ESWATINI,2014,136480824.176,47.1153831481934
ESWATINI,2015,100823852.02800004,44.2857131958008
ESWATINI,2016,127577284.801,43.8095245361328
ESWATINI,2017,148168786.19099998,42.3809509277344
ESWATINI,2018,150799003.66500002,33.3333320617676
ESWATINI,2019,160267549.79000002,32.8571434020996
ESWATINI,2020,129843003.72000004,34.2857131958008
ESWATINI,2021,176014169.23000002,31.4285717010498
ESWATINI,2022,168892345.52999997,23.5849056243896
ESWATINI,2023,147185289.61,24.056604385376
ETHIOPIA,2013,-436257579.3139999,12.7962083816528
ETHIOPIA,2014,-249849603.118,13.4615383148193
ETHIOPIA,2015,-275269987.8389999,13.3333330154419
ETHIOPIA,2016,-301455192.8910001,11.4285717010498
ETHIOPIA,2017,-289375576.75500005,12.8571424484253
ETHIOPIA,2018,-267246316.408,13.8095235824585
ETHIOPIA,2019,-67152391.78000003,16.1904754638672
ETHIOPIA,2020,-81224847.07,14.2857141494751
ETHIOPIA,2021,-37563927.140000015,16.1904754638672
ETHIOPIA,2022,-55898247.070999995,16.9811325073242
ETHIOPIA,2023,-70497369.80700001,14.1509437561035
FIJI,2013,60562204.0,32.7014236450195
FIJI,2014,32585364.0,45.6730766296387
FIJI,2015,25651011.13199999,44.761905670166
FIJI,2016,21792964.220000003,44.761905670166
FIJI,2017,13847046.972999996,57.1428565979004
FIJI,2018,15120139.232000008,57.6190490722656
FIJI,2019,10898457.260000013,57.6190490722656
FIJI,2020,15086448.275000006,48.5714302062988
FIJI,2021,5868822.659999996,51.9047622680664
FIJI,2022,-20978481.133,50.4716987609863
FIJI,2023,-16524261.377000012,50.0
FINLAND,2013,-3028572808.0,98.5782012939453
FINLAND,2014,-1427380103.0,98.5576934814453
FINLAND,2015,-1144487749.0,98.0952377319336
FINLAND,2016,-1188587965.0,96.1904754638672
FINLAND,2017,-1239157904.5030005,96.6666641235352
FINLAND,2018,-1312966239.6120002,96.1904754638672
FINLAND,2019,-1306447726.44,97.6190490722656
FINLAND,2020,-1283804176.2530005,99.0476226806641
FINLAND,2021,-1373490570.196,99.0476226806641
FINLAND,2022,-1446226659.5870004,97.1698150634766
FINLAND,2023,-1179435059.2930002,96.698112487793
FRANCE,2013,-25082662608.0,85.3080596923828
FRANCE,2014,-13345986074.0,81.7307662963867
FRANCE,2015,-12165822139.0,82.8571395874023
FRANCE,2016,-11872053493.0,82.3809509277344
FRANCE,2017,-12208039140.65,83.3333358764648
FRANCE,2018,-12593181546.253,83.8095245361328
FRANCE,2019,-12121076061.99901,90.9523773193359
FRANCE,2020,-11581597751.535,85.2380981445312
FRANCE,2021,-12664805841.646996,85.7142868041992
FRANCE,2022,-13524931820.75,85.3773574829102
FRANCE,2023,-10290951476.115,85.3773574829102
GABON,2013,-33267761.839999996,29.3838863372803
GABON,2014,-12378954.461999996,27.4038467407227
GABON,2015,-11675883.803,27.1428565979004
GABON,2016,-9714023.621,26.1904754638672
GABON,2017,-7626868.166,26.6666660308838
GABON,2018,-12874695.538000004,15.7142858505249
GABON,2019,-12778379.195,14.2857141494751
GABON,2020,-11824290.987,17.1428565979004
GABON,2021,-8852895.473000001,21.9047622680664
GABON,2022,-14877912.636,25.4716987609863
GABON,2023,-15008324.080999998,25.0
GAMBIA,2013,-1287624.0679999995,37.9146919250488
GAMBIA,2014,-1197258.128,33.1730766296387
GAMBIA,2015,-1103920.381,30.4761905670166
GAMBIA,2016,-856941.7720000001,29.5238094329834
GAMBIA,2017,-1543441.583,32.8571434020996
GAMBIA,2018,-1353841.331,26.6666660308838
GAMBIA,2019,-1303743.293,25.7142848968506
GAMBIA,2020,-2324386.1,25.238094329834
GAMBIA,2021,-2141442.4499999997,18.5714282989502
GAMBIA,2022,-1651218.923,24.056604385376
GAMBIA,2023,-1803144.911,28.301887512207
GEORGIA,2013,-226795572.0,72.9857788085938
GEORGIA,2014,-98624484.89,75.4807662963867
GEORGIA,2015,-78030670.10999997,74.7619018554688
GEORGIA,2016,-113409402.9,78.5714263916016
GEORGIA,2017,-122179006.85999995,80.0
GEORGIA,2018,-130162280.9,81.4285736083984
GEORGIA,2019,-103414435.22,81.4285736083984
GEORGIA,2020,-60474076.23000002,81.4285736083984
GEORGIA,2021,-105812878.05000004,82.8571395874023
GEORGIA,2022,-128131648.09000006,81.6037750244141
GEORGIA,2023,-198043956.618,79.7169799804688
GERMANY,2013,-36784068757.39398,92.4170608520508
GERMANY,2014,-19673746869.358,94.2307662963867
GERMANY,2015,-18650591469.106003,94.2857131958008
GERMANY,2016,-19210168879.333004,96.6666641235352
GERMANY,2017,-17029345944.794,95.2380981445312
GERMANY,2018,-17151338881.99001,95.2380981445312
GERMANY,2019,-15585965027.493,96.1904754638672
GERMANY,2020,-15281889460.910004,93.3333358764648
GERMANY,2021,-18034767664.363007,94.7619018554688
GERMANY,2022,-21704487144.07,92.4528274536133
GERMANY,2023,-13847918430.658005,91.9811325073242
GHANA,2013,-98218064.0,54.028434753418
GHANA,2014,-17617862.227000006,50.0
GHANA,2015,-28780126.93300001,48.5714302062988
GHANA,2016,-37889665.0,42.3809509277344
GHANA,2017,-25377392.52100001,44.761905670166
GHANA,2018,-10767947.300999995,46.6666679382324
GHANA,2019,-9540603.949999996,45.7142868041992
GHANA,2021,-22527360.478999995,45.7142868041992
GHANA,2022,11958148.01000001,44.8113212585449
GHANA,2023,3876360.9090000098,45.2830200195312
GREECE,2013,-980029282.0,71.0900497436523
GREECE,2014,-685699151.0,63.9423065185547
GREECE,2015,-785016415.0,65.7142868041992
GREECE,2016,-941395754.0,60.0
GREECE,2017,-917091853.438,62.3809509277344
GREECE,2018,-1015107982.2240005,66.1904754638672
GREECE,2019,-1194266334.401,70.0
GREECE,2020,-1019510857.865,71.4285736083984
GREECE,2021,-1168413903.1780005,66.1904754638672
GREECE,2022,-1471875022.67,67.4528274536133
GREECE,2023,-1538403375.119,70.7547149658203
GRENADA,2013,-11705529.033999996,60.6635055541992
GRENADA,2014,-4904359.911,59.1346168518066
GRENADA,2015,-5544372.974,55.7142868041992
GRENADA,2016,-5865841.913,55.7142868041992
GRENADA,2017,-8127651.500000001,50.9523811340332
GRENADA,2018,-8944196.981,41.9047622680664
GRENADA,2019,-9846816.344,42.8571434020996
GRENADA,2020,-10005565.985,47.1428565979004
GRENADA,2021,-8517555.915000001,62.3809509277344
GRENADA,2022,-10633385.915000005,64.1509399414062
GRENADA,2023,-10677422.706,61.7924537658691
GUATEMALA,2013,2285460368.0,43.1279602050781
GUATEMALA,2014,1143787391.0,42.788459777832
GUATEMALA,2015,1156180878.0,42.8571434020996
GUATEMALA,2016,1097628283.0,41.9047622680664
GUATEMALA,2017,1150680209.0,38.5714302062988
GUATEMALA,2018,1252062616.0,40.9523811340332
GUATEMALA,2019,1200490194.0,40.476188659668
GUATEMALA,2020,1070402983.0,41.9047622680664
GUATEMALA,2021,1355053044.0,40.476188659668
GUATEMALA,2022,1571784482.0,41.5094337463379
GUATEMALA,2023,1256877824.0,41.5094337463379
GUYANA,2013,-7777678.0,29.8578205108643
GUYANA,2014,-6844806.0,32.6923065185547
GUYANA,2015,-6826229.825,33.8095245361328
GUYANA,2016,-10369585.0,37.1428565979004
GUYANA,2017,-15914172.927999998,36.1904754638672
GUYANA,2018,-18230023.800999995,30.9523811340332
GUYANA,2019,-20659873.167,29.5238094329834
GUYANA,2020,-14038743.883000003,32.3809509277344
GUYANA,2021,-25354307.702000003,33.8095245361328
GUYANA,2022,-19733158.882,32.5471687316895
GUYANA,2023,-20012655.845000006,31.6037731170654
HONDURAS,2014,-87963370.0,37.5
HONDURAS,2015,-104272849.0,39.0476188659668
HONDURAS,2016,-109161533.0,31.4285717010498
HONDURAS,2017,-114433582.45,33.8095245361328
HONDURAS,2018,145547744.50000003,35.238094329834
HONDURAS,2019,-126800171.84,33.3333320617676
HONDURAS,2020,-88296436.68,33.8095245361328
HONDURAS,2021,-145642395.43000004,33.3333320617676
HONDURAS,2023,-155948237.89000002,32.0754699707031
HONG KONG,2013,10839309834.0,99.5260696411133
HONG KONG,2014,4245556863.0,99.5192337036133
HONG KONG,2015,3450490384.114004,99.523811340332
HONG KONG,2016,2412534714.2350006,99.523811340332
HONG KONG,2017,1981460506.4639988,100.0
HONG KONG,2018,1123967133.7889996,100.0
HONG KONG,2019,930280752.8609962,99.523811340332
HONG KONG,2020,417595270.7789993,97.1428604125977
HONG KONG,2021,108545178.82100104,93.8095245361328
HONG KONG,2022,-780823063.1570005,93.8679275512695
HONG KONG,2023,-885581209.3689995,93.8679275512695
HUNGARY,2013,-432661586.0,77.7251205444336
HUNGARY,2014,-360971640.0,75.0
HUNGARY,2015,-410624561.0,74.2857131958008
HUNGARY,2016,-516836806.0,70.0
HUNGARY,2017,-677045236.0,72.3809509277344
HUNGARY,2018,-1021927324.0,70.9523773193359
HUNGARY,2019,-879030234.0,72.3809509277344
HUNGARY,2020,-859639018.0,66.6666641235352
HUNGARY,2021,-776663168.0,67.6190490722656
HUNGARY,2022,-890952534.0,64.6226425170898
HUNGARY,2023,-553413919.0,62.7358474731445
ICELAND,2013,-238695681.0,83.8862533569336
ICELAND,2014,-126960832.0,87.0192337036133
ICELAND,2015,-114552412.0,86.1904754638672
ICELAND,2016,-140408645.0,86.6666641235352
ICELAND,2017,-179455471.678,90.476188659668
ICELAND,2018,-192887810.91599995,90.476188659668
ICELAND,2019,-173717620.83499998,90.0
ICELAND,2020,-163414430.27,91.4285736083984
ICELAND,2021,-234370052.696,91.9047622680664
ICELAND,2022,-250377636.60099995,88.2075500488281
ICELAND,2023,-249896037.982,87.2641525268555
INDIA,2013,16952426835.0,34.5971565246582
INDIA,2014,17638729987.0,33.6538467407227
INDIA,2015,18033588145.0,37.1428565979004
INDIA,2016,17723297755.0,41.4285697937012
INDIA,2017,17994502325.973,42.8571434020996
INDIA,2018,15790419480.039,44.761905670166
INDIA,2019,16205656511.397997,47.1428565979004
INDIA,2020,12110719455.721,46.6666679382324
INDIA,2021,14805238879.096,49.0476188659668
INDIA,2022,15986458112.717,50.9433975219727
INDIA,2023,13895356440.032,47.1698112487793
INDONESIA,2013,10179198602.0,47.3933639526367
INDONESIA,2014,7188040372.0,51.9230766296387
INDONESIA,2015,7159404399.0,48.0952377319336
INDONESIA,2016,7003576488.0,51.9047622680664
INDONESIA,2017,7532237873.42,55.7142868041992
INDONESIA,2018,8005843717.250002,52.3809509277344
INDONESIA,2019,7638280661.888,56.6666679382324
INDONESIA,2020,6813882159.974,58.0952377319336
INDONESIA,2021,8576356853.542,60.9523811340332
INDONESIA,2022,9399371546.0,59.4339637756348
INDONESIA,2023,7708042857.673,60.8490562438965
IRAN,2013,95492821.99,6.16113758087158
IRAN,2014,55170355.93999999,5.28846168518066
IRAN,2015,33278760.0,6.66666650772095
IRAN,2016,-25768568.560000017,8.5714282989502
IRAN,2017,-18786586.0,10.0
IRAN,2018,33187927.0,7.14285707473755
IRAN,2019,31630568.465000004,6.66666650772095
IRAN,2020,96650978.0,6.66666650772095
IRAN,2021,73399923.0,4.7619047164917
IRAN,2022,52732138.0,4.24528312683105
IRELAND,2013,-1717883311.559,93.8388595581055
IRELAND,2014,-1833077474.2309997,95.1923065185547
IRELAND,2015,-1722368805.4070003,97.6190490722656
IRELAND,2016,-1683894490.285,94.7619018554688
IRELAND,2017,-1776337276.1200004,91.9047622680664
IRELAND,2018,-2026186242.1740005,93.3333358764648
IRELAND,2019,-1997067077.5510008,93.3333358764648
IRELAND,2020,-2256983457.0199995,91.9047622680664
IRELAND,2021,-2794102617.842999,93.3333358764648
IRELAND,2022,-2751632592.523,95.2830200195312
IRELAND,2023,-2614591493.4019995,96.2264175415039
ISRAEL,2013,-1392572000.0,85.7819900512695
ISRAEL,2014,-1518461000.0,86.538459777832
ISRAEL,2015,-1474769000.0,85.7142868041992
ISRAEL,2016,-1538003000.0,87.6190490722656
ISRAEL,2017,-1665782000.0,87.1428604125977
ISRAEL,2018,-1825660000.0,86.1904754638672
ISRAEL,2019,-1883567000.0,87.1428604125977
ISRAEL,2020,-1754490000.0,86.1904754638672
ISRAEL,2021,-2439296000.0,84.7619018554688
ISRAEL,2022,-2646562000.0,86.3207550048828
ISRAEL,2023,-2187684000.0,84.4339599609375
ITALY,2013,8539325158.0,74.8815155029297
ITALY,2014,8688832738.0,71.1538467407227
ITALY,2015,6365694624.6189995,73.8095245361328
ITALY,2016,6740900779.784004,73.8095245361328
ITALY,2017,7702692073.392,74.7619018554688
ITALY,2018,8143609534.209999,75.2380981445312
ITALY,2019,9420589131.604,77.1428604125977
ITALY,2020,7194441244.352997,68.0952377319336
ITALY,2021,9674278458.272009,68.5714263916016
ITALY,2022,8636305470.877995,68.8679275512695
ITALY,2023,9711919937.721,72.6415100097656
JAMAICA,2013,-46555841.0,57.8199043273926
JAMAICA,2014,-47401001.766,53.8461532592773
JAMAICA,2015,-44772151.0,52.8571434020996
JAMAICA,2016,-48474005.0,57.1428565979004
JAMAICA,2017,-58695879.85000002,56.6666679382324
JAMAICA,2018,-61353709.21999999,60.9523811340332
JAMAICA,2019,-63621558.24199999,59.0476188659668
JAMAICA,2020,-46447529.88,54.761905670166
JAMAICA,2021,-55614386.46999999,59.523811340332
JAMAICA,2022,-62170737.029999994,58.9622650146484
JAMAICA,2023,-77205651.09,53.7735862731934
JAPAN,2013,-33058045657.0,82.9383850097656
JAPAN,2014,-30529090884.0,83.6538467407227
JAPAN,2015,-27880100710.0,84.7619018554688
JAPAN,2016,-27138512134.0,90.476188659668
JAPAN,2017,-27353773836.504,90.0
JAPAN,2018,-29483777126.70601,89.0476226806641
JAPAN,2019,-28848627963.913,88.5714263916016
JAPAN,2020,-25395200798.694,89.523811340332
JAPAN,2021,-25527544291.685997,90.0
JAPAN,2022,-25926607461.502,91.5094375610352
JAPAN,2023,-24326585794.98699,92.4528274536133
JORDAN,2013,751359011.0,57.3459701538086
JORDAN,2014,895564103.0,55.288459777832
JORDAN,2015,986627911.0,56.1904754638672
JORDAN,2016,991664081.0,56.6666679382324
JORDAN,2017,1144522355.844,58.0952377319336
JORDAN,2018,1358641903.624,56.6666679382324
JORDAN,2019,1579879826.1409998,57.1428565979004
JORDAN,2020,1286844702.6319995,60.476188659668
JORDAN,2021,1366734988.2509997,57.6190490722656
JORDAN,2022,1718064475.3400002,57.0754699707031
JORDAN,2023,1450373753.5510004,59.4339637756348
KAZAKHSTAN,2013,-950289138.0,38.8625602722168
KAZAKHSTAN,2014,-977819216.0,46.6346168518066
KAZAKHSTAN,2015,-581229144.0,49.523811340332
KAZAKHSTAN,2016,-413392861.0,47.1428565979004
KAZAKHSTAN,2017,-508934974.5999999,60.9523811340332
KAZAKHSTAN,2018,-547569845.45,59.0476188659668
KAZAKHSTAN,2019,-736839423.7300001,60.476188659668
KAZAKHSTAN,2020,-703788088.9720001,56.6666679382324
KAZAKHSTAN,2021,-934580154.721,55.7142868041992
KAZAKHSTAN,2022,-1685188008.9870002,52.8301887512207
KAZAKHSTAN,2023,-3405027907.73,53.301887512207
KENYA,2013,217769677.0,41.7061614990234
KENYA,2015,243379355.37999997,40.476188659668
KENYA,2016,233254078.07000005,40.0
KENYA,2017,191419733.077,40.9523811340332
KENYA,2018,180050246.76,42.3809509277344
KENYA,2019,186596989.43000007,40.0
KENYA,2020,161630679.48200002,32.8571434020996
KENYA,2021,206479450.096,35.7142868041992
KENYA,2022,224541300.28599995,39.1509437561035
KENYA,2023,163712491.9930001,37.7358474731445
KIRIBATI,2013,-985052.0,8.05687236785889
KIRIBATI,2014,-1180438.0210000002,17.3076915740967
KIRIBATI,2015,-1128066.747,20.4761905670166
KIRIBATI,2016,-1191745.7,21.4285717010498
KIRIBATI,2017,-968228.903,22.380952835083
KIRIBATI,2018,-765515.31,28.5714282989502
KIRIBATI,2020,-901293.343,37.1428565979004
KIRIBATI,2021,-2245350.4659999995,39.0476188659668
"KOREA, REP.",2013,-5598767905.0,79.620849609375
"KOREA, REP.",2014,-6398361344.0,83.1730804443359
"KOREA, REP.",2015,-6552426591.0,82.3809509277344
"KOREA, REP.",2016,-6741636887.0,83.8095245361328
"KOREA, REP.",2017,-7442709531.0,81.9047622680664
"KOREA, REP.",2018,-8830618943.0,82.8571395874023
"KOREA, REP.",2019,-9183725688.0,82.3809509277344
"KOREA, REP.",2020,-7878926949.0,81.9047622680664
"KOREA, REP.",2021,-9290568509.0,83.3333358764648
"KOREA, REP.",2022,-10983567562.0,83.9622650146484
"KOREA, REP.",2023,-10692939883.0,84.9056625366211
KUWAIT,2013,-1104788673.0,50.7108993530273
KUWAIT,2014,-1139102690.0,49.038459777832
KUWAIT,2015,-1098415295.4990003,46.1904754638672
KUWAIT,2016,-993024727.796,50.9523811340332
KUWAIT,2017,-1042261348.0849998,50.0
KUWAIT,2018,-1136343443.0,54.761905670166
KUWAIT,2019,-1098957773.0,58.0952377319336
KUWAIT,2020,-1140852611.0,61.4285697937012
KUWAIT,2021,-1612227673.0,58.0952377319336
KUWAIT,2022,-1545032419.7110004,60.3773574829102
KUWAIT,2023,-1427930339.911,63.6792449951172
KYRGYZ REPUBLIC,2013,-124050068.0,42.1800956726074
KYRGYZ REPUBLIC,2014,-87945024.0,34.6153831481934
KYRGYZ REPUBLIC,2015,-98758000.0,33.3333320617676
KYRGYZ REPUBLIC,2016,-192254679.0,39.523811340332
KYRGYZ REPUBLIC,2017,-145927602.0,37.1428565979004
KYRGYZ REPUBLIC,2018,-246265809.0,36.6666679382324
KYRGYZ REPUBLIC,2019,-132385265.0,37.6190490722656
KYRGYZ REPUBLIC,2020,-35375735.0,36.6666679382324
KYRGYZ REPUBLIC,2021,-306079683.0,30.4761905670166
KYRGYZ REPUBLIC,2022,-257841050.0,28.7735843658447
KYRGYZ REPUBLIC,2023,-92416633.0,29.2452831268311
LAO PDR,2013,180489638.0,22.748815536499
LAO PDR,2014,184034460.0,20.1923084259033
LAO PDR,2015,154627778.0,22.380952835083
LAO PDR,2016,133817592.0,23.8095245361328
LAO PDR,2017,163000921.0,24.2857151031494
LAO PDR,2018,167307374.0,18.5714282989502
LAO PDR,2019,187020728.49,22.380952835083
LAO PDR,2020,164636942.60999998,19.5238094329834
LAO PDR,2021,163741275.73000002,17.619047164917
LAO PDR,2022,222026558.52,16.0377349853516
LAO PDR,2023,220171894.98,17.9245281219482
LATVIA,2013,-121484606.0,80.0947875976562
LATVIA,2014,-142130567.88100004,85.0961532592773
LATVIA,2015,-102680790.38600008,80.9523773193359
LATVIA,2016,-113296122.33900008,82.8571395874023
LATVIA,2017,-117284719.54999997,82.3809509277344
LATVIA,2018,-139868125.7369999,83.3333358764648
LATVIA,2019,-145578125.46199995,83.8095245361328
LATVIA,2020,-159892740.23000002,84.2857131958008
LATVIA,2021,-207502960.59999996,85.2380981445312
LATVIA,2022,-231236894.161,84.9056625366211
LATVIA,2023,-220390194.95599997,86.3207550048828
LEBANON,2013,-434337613.0,49.7630348205566
LEBANON,2014,-459127073.0,42.3076934814453
LEBANON,2015,-507618056.635,41.4285697937012
LEBANON,2016,-495718027.0,38.0952377319336
LEBANON,2017,-513345968.1420001,37.6190490722656
LEBANON,2018,-506005862.757,34.761905670166
LEBANON,2019,-415879447.09,32.3809509277344
LEBANON,2020,-124973906.0,23.8095245361328
LEBANON,2021,-158966092.0,18.0952377319336
LEBANON,2022,-245591643.0,13.6792449951172
LEBANON,2023,-310409751.0,14.6226415634155
LESOTHO,2013,-17243629.699999988,38.3886260986328
LESOTHO,2014,194903394.58599997,35.0961532592773
LESOTHO,2015,184304614.05,35.238094329834
LESOTHO,2016,346490742.4330001,34.761905670166
LESOTHO,2017,376881742.932,36.6666679382324
LESOTHO,2018,420916567.455,30.4761905670166
LESOTHO,2019,406433814.695,30.4761905670166
LESOTHO,2020,299314480.59300005,29.0476188659668
LESOTHO,2021,373626574.0729999,24.761905670166
LESOTHO,2022,335938735.717,29.2452831268311
LESOTHO,2023,265005245.455,29.7169818878174
LIBERIA,2017,-5974020.0,14.7619047164917
LIBERIA,2018,-4563569.37,13.3333330154419
LIBERIA,2019,-4798370.53,12.380952835083
LIBERIA,2020,-3693749.76,12.380952835083
LIBERIA,2021,-4452460.43,14.7619047164917
LIBERIA,2022,-6433279.970000001,16.5094337463379
LIBERIA,2023,-5230174.62,18.3962268829346
LITHUANIA,2013,487750029.0,84.8341217041016
LITHUANIA,2014,412093624.0,85.5769195556641
LITHUANIA,2015,213986775.0,86.6666641235352
LITHUANIA,2016,157041329.0,84.2857131958008
LITHUANIA,2017,103855576.0,82.8571395874023
LITHUANIA,2018,110650463.01999998,82.3809509277344
LITHUANIA,2019,63788954.99000001,82.8571395874023
LITHUANIA,2020,-46969858.0,83.3333358764648
LITHUANIA,2021,-116192221.99,86.1904754638672
LITHUANIA,2022,-109379218.0,87.7358474731445
LITHUANIA,2023,-89242505.0,88.2075500488281
LUXEMBOURG,2013,-365783455.0,96.6824645996094
LUXEMBOURG,2014,-369595055.0,92.3076934814453
LUXEMBOURG,2015,-308124435.0,92.8571395874023
LUXEMBOURG,2016,-287451065.0,93.8095245361328
LUXEMBOURG,2017,-353326068.1170001,93.8095245361328
LUXEMBOURG,2018,-361981465.989,94.7619018554688
LUXEMBOURG,2019,-363004153.476,95.2380981445312
LUXEMBOURG,2020,-325397666.13500005,98.5714263916016
LUXEMBOURG,2021,-369955665.344,99.523811340332
LUXEMBOURG,2022,-354821584.6330001,98.1132049560547
LUXEMBOURG,2023,-356640426.988,99.0566024780273
MACAO,2013,-365178626.443,89.5734634399414
MACAO,2014,-429440097.22700006,94.711540222168
MACAO,2015,-433638214.0,95.7142868041992
MACAO,2016,-500553075.0,95.7142868041992
MACAO,2017,-456910079.0950001,94.7619018554688
MACAO,2018,-640530509.9519999,92.3809509277344
MACAO,2019,-700835412.1570001,94.2857131958008
MACAO,2020,-591456564.7249999,96.1904754638672
MACAO,2021,-1107197103.5470002,97.1428604125977
MACAO,2022,-1017165051.5380003,97.6415100097656
MACAO,2023,-1039989772.792,97.6415100097656
MADAGASCAR,2013,353964394.016,27.962085723877
MADAGASCAR,2014,442388815.605,26.9230766296387
MADAGASCAR,2015,391589226.465,24.2857151031494
MADAGASCAR,2016,443551666.085,25.238094329834
MADAGASCAR,2017,493551208.18000007,25.7142848968506
MADAGASCAR,2018,428165611.521,22.8571434020996
MADAGASCAR,2019,430561486.517,20.4761905670166
MADAGASCAR,2020,348352858.492,20.9523811340332
MADAGASCAR,2021,438901001.7530001,20.9523811340332
MADAGASCAR,2022,536819756.229,20.7547168731689
MADAGASCAR,2023,473140806.2650001,21.2264156341553
MALAWI,2013,-8390173.022,27.014217376709
MALAWI,2014,-11418673.024,25.480770111084
MALAWI,2015,-5815469.186,20.9523811340332
MALAWI,2016,-12017979.189999998,19.0476188659668
MALAWI,2017,-13489361.164,22.8571434020996
MALAWI,2018,-27642043.185,25.238094329834
MALAWI,2019,-21800270.396,23.3333339691162
MALAWI,2020,-30395515.812000003,22.8571434020996
MALAWI,2021,-26296913.573,22.380952835083
MALAWI,2022,-15920043.851,22.1698112487793
MALAWI,2023,-26143729.35,22.1698112487793
MALAYSIA,2013,3628083310.0,68.2464447021484
MALAYSIA,2014,3738494405.0,76.4423065185547
MALAYSIA,2015,2858371241.0,72.8571395874023
MALAYSIA,2016,2565326102.0,71.9047622680664
MALAYSIA,2017,3385567784.4989996,74.2857131958008
MALAYSIA,2018,3950894587.435999,71.4285736083984
MALAYSIA,2019,4087686189.198001,71.4285736083984
MALAYSIA,2020,8588024715.747999,72.8571395874023
MALAYSIA,2021,12893347864.923,72.3809509277344
MALAYSIA,2022,3381805366.709,72.6415100097656
MALAYSIA,2023,1978823511.461,73.1132049560547
MALDIVES,2013,-22823404.0,35.0710906982422
MALDIVES,2014,-22320088.0,38.461540222168
MALDIVES,2015,-22953115.0,36.1904754638672
MALDIVES,2016,-23171662.0,32.8571434020996
MALDIVES,2017,-26304550.176999997,34.2857131958008
MALDIVES,2018,-29977859.885,31.9047622680664
MALDIVES,2019,-33534939.44,31.4285717010498
MALDIVES,2020,-23864935.534,30.9523811340332
MALDIVES,2021,-42358525.595,30.9523811340332
MALDIVES,2022,-44584114.57400001,26.8867931365967
MALDIVES,2023,-42436455.466000006,26.4150943756104
MALTA,2013,-76146214.0,88.1516571044922
MALTA,2014,-88190757.0,82.211540222168
MALTA,2015,-97588885.0,84.2857131958008
MALTA,2016,-89675227.0,84.7619018554688
MALTA,2017,-106220430.354,88.0952377319336
MALTA,2018,-119128530.063,88.5714263916016
MALTA,2019,-124371652.22599998,76.6666641235352
MALTA,2020,-120068126.669,85.7142868041992
MALTA,2021,-125641823.05500004,74.2857131958008
MALTA,2022,-145311378.82399994,73.1132049560547
MALTA,2023,-203035550.313,74.0566024780273
MAURITANIA,2013,-12535379.0,27.488151550293
MAURITANIA,2014,-16429460.0,24.0384616851807
MAURITANIA,2015,-9505850.5,18.0952377319336
MAURITANIA,2016,-12026154.0,23.3333339691162
MAURITANIA,2017,-13910626.987000003,20.4761905670166
MAURITANIA,2018,-44509476.68,17.1428565979004
MAURITANIA,2019,-17397553.680000003,18.5714282989502
MAURITANIA,2020,-14462038.186000004,16.1904754638672
MAURITANIA,2021,-16863123.080000006,12.8571424484253
MAURITANIA,2022,-19779406.006,14.6226415634155
MAURITANIA,2023,-18560236.591,15.0943393707275
MAURITIUS,2013,689731772.0,77.2511825561523
MAURITIUS,2014,733765950.0,86.0576934814453
MAURITIUS,2015,700560493.0,83.8095245361328
MAURITIUS,2016,591127338.934,83.3333358764648
MAURITIUS,2017,524849684.0879999,81.4285736083984
MAURITIUS,2018,534603371.7199999,81.9047622680664
MAURITIUS,2019,446759830.641,80.9523773193359
MAURITIUS,2020,319721674.825,84.7619018554688
MAURITIUS,2021,317855421.8519999,83.8095245361328
MAURITIUS,2022,309059389.059,84.4339599609375
MAURITIUS,2023,233397612.4730001,82.5471725463867
MEXICO,2013,1284583040.0,65.4028472900391
MEXICO,2014,1006311159.0,65.3846130371094
MEXICO,2015,672053953.0,63.8095245361328
MEXICO,2016,515648677.0,61.9047622680664
MEXICO,2017,426720463.0,61.4285697937012
MEXICO,2018,106410339.0,58.5714302062988
MEXICO,2019,-64961210.0,55.7142868041992
MEXICO,2020,155490966.0,50.9523811340332
MEXICO,2021,-76649212.0,44.2857131958008
MEXICO,2022,-707475709.0,46.698112487793
MEXICO,2023,-910927921.0,46.2264137268066
MOLDOVA,2013,158587578.0,49.2891006469727
MOLDOVA,2014,183980920.0,52.8846168518066
MOLDOVA,2015,154955073.0,50.0
MOLDOVA,2016,143476252.0,49.0476188659668
MOLDOVA,2017,146898578.0,51.4285697937012
MOLDOVA,2018,165395969.0,51.4285697937012
MOLDOVA,2019,136753880.0,50.476188659668
MOLDOVA,2020,103694120.0,51.4285697937012
MOLDOVA,2021,77696616.0,52.3809509277344
MOLDOVA,2022,96506476.0,54.7169799804688
MOLDOVA,2023,87725829.0,54.7169799804688
MONGOLIA,2013,-5680271.0,40.7582931518555
MONGOLIA,2014,-7201510.0,43.269229888916
MONGOLIA,2015,-644373.0,40.9523811340332
MONGOLIA,2016,11281334.0,50.0
MONGOLIA,2017,5490051.089999996,48.0952377319336
MONGOLIA,2018,2222163.4200000167,54.2857131958008
MONGOLIA,2019,21832321.630000003,53.8095245361328
MONGOLIA,2020,6150289.460000001,48.0952377319336
MONGOLIA,2021,-9206929.049999995,43.8095245361328
MONGOLIA,2022,-23400953.269000016,42.4528312683105
MONTENEGRO,2013,-71042041.0,54.9763031005859
MONTENEGRO,2014,-73197040.0,57.6923065185547
MONTENEGRO,2015,-63632842.0,61.4285697937012
MONTENEGRO,2016,-75485358.49299999,62.8571434020996
MONTENEGRO,2017,-82266676.56600001,65.7142868041992
MONTENEGRO,2018,-91434205.383,65.2380981445312
MONTENEGRO,2019,-92989145.79199997,64.7619018554688
MONTENEGRO,2020,-72926709.02999999,64.2857131958008
MONTENEGRO,2021,-91475014.254,65.7142868041992
MONTENEGRO,2022,-105673633.732,69.3396224975586
MONTENEGRO,2023,-127817331.934,64.1509399414062
MOROCCO,2013,2821780853.0,48.8151664733887
MOROCCO,2014,2915513730.0,51.4423065185547
MOROCCO,2015,2466350147.081,49.0476188659668
MOROCCO,2016,2611974677.0,47.6190490722656
MOROCCO,2017,2732256340.3079996,46.6666679382324
MOROCCO,2018,2882628125.0069995,42.8571434020996
MOROCCO,2019,2694384826.569,46.6666679382324
MOROCCO,2020,2069046805.3010008,50.0
MOROCCO,2021,2794928227.292,46.6666679382324
MOROCCO,2022,3025163725.5219994,49.0566024780273
MOROCCO,2023,3266161261.966,50.9433975219727
MOZAMBIQUE,2013,-45325116.0,36.9668235778809
MOZAMBIQUE,2014,-56817420.0,36.0576934814453
MOZAMBIQUE,2015,-47892465.10000001,31.9047622680664
MOZAMBIQUE,2016,-29596575.44,24.761905670166
MOZAMBIQUE,2017,-29580853.493,23.8095245361328
MOZAMBIQUE,2018,-204458693.656,21.9047622680664
MOZAMBIQUE,2019,-45800514.872,20.9523811340332
MOZAMBIQUE,2020,-47513591.692,23.3333339691162
MOZAMBIQUE,2021,-53107223.269,22.8571434020996
MOZAMBIQUE,2022,-56818993.70999999,22.6415100097656
MOZAMBIQUE,2023,-69546000.0,24.5283012390137
MYANMAR,2013,2261490132.0,5.68720388412476
MYANMAR,2014,971176498.672,6.25
MYANMAR,2015,766471220.076,8.5714282989502
MYANMAR,2016,1478137136.48,19.5238094329834
MYANMAR,2017,2347859489.427,19.0476188659668
MYANMAR,2018,4141235387.221,23.8095245361328
MYANMAR,2019,4971023124.500999,22.8571434020996
MYANMAR,2020,4537804913.589,30.4761905670166
MYANMAR,2021,3845512112.249,12.380952835083
MYANMAR,2022,5520456915.3689995,9.90566062927246
MYANMAR,2023,4359792128.684999,7.07547187805176
NAMIBIA,2013,-171257262.0,56.8720397949219
NAMIBIA,2014,-180889002.0,54.3269233703613
NAMIBIA,2015,-172199536.0,53.3333320617676
NAMIBIA,2016,-147213770.0,53.3333320617676
NAMIBIA,2017,-164157392.117,48.5714302062988
NAMIBIA,2018,-151481897.27899995,53.3333320617676
NAMIBIA,2019,-137461739.41900003,54.2857131958008
NAMIBIA,2020,-105003749.085,52.8571434020996
NAMIBIA,2021,-156517333.304,51.4285697937012
NAMIBIA,2022,-142193111.351,52.3584899902344
NAMIBIA,2023,-134326245.683,51.4150924682617
NEPAL,2013,-23187999.0,22.274881362915
NEPAL,2014,-29582193.0,22.115385055542
NEPAL,2015,-38965321.0,23.8095245361328
NEPAL,2016,-49523042.780000046,22.8571434020996
NEPAL,2017,-44242040.037,25.238094329834
NEPAL,2018,-173720362.62,23.3333339691162
NEPAL,2019,-224906490.14000008,24.2857151031494
NEPAL,2020,-134824675.20000005,25.7142848968506
NEPAL,2021,-254929459.38999996,28.5714282989502
NEPAL,2022,-135669969.541,27.8301887512207
NETHERLANDS,2013,-2087553334.2310028,95.7345962524414
NETHERLANDS,2014,-2240176856.6579933,95.6730804443359
NETHERLANDS,2015,-3276466810.618002,96.6666641235352
NETHERLANDS,2016,-3054812127.764,98.5714263916016
NETHERLANDS,2017,-3637009915.975004,98.5714263916016
NETHERLANDS,2018,-3619598914.323,99.0476226806641
NETHERLANDS,2019,-3562482379.1100006,98.0952377319336
NETHERLANDS,2020,-2530472252.7420006,96.6666641235352
NETHERLANDS,2021,-2993518961.772003,96.1904754638672
NETHERLANDS,2022,-4378622870.445995,96.698112487793
NETHERLANDS,2023,-4303307066.75,97.1698150634766
NEW ZEALAND,2013,-950581630.0279996,98.1042633056641
NEW ZEALAND,2014,-955755777.1439996,99.038459777832
NEW ZEALAND,2015,-962424754.127,99.0476226806641
NEW ZEALAND,2016,-993136452.676,99.0476226806641
NEW ZEALAND,2017,-1025873445.1140002,99.0476226806641
NEW ZEALAND,2018,-1071669531.758,98.5714263916016
NEW ZEALAND,2019,-1088551081.3670003,99.0476226806641
NEW ZEALAND,2020,-984311485.671,99.523811340332
NEW ZEALAND,2021,-1303594393.512,98.0952377319336
NEW ZEALAND,2022,-1294736206.292,99.0566024780273
NEW ZEALAND,2023,-1170951370.0449998,98.5849075317383
NICARAGUA,2013,1220381216.0,42.6540298461914
NICARAGUA,2014,1309760759.0,37.019229888916
NICARAGUA,2015,1224837194.0,38.5714302062988
NICARAGUA,2016,912879120.4500002,31.9047622680664
NICARAGUA,2017,886648099.4100001,27.1428565979004
NICARAGUA,2018,954874269.4099998,24.761905670166
NICARAGUA,2019,993049134.0599996,26.1904754638672
NICARAGUA,2020,795082196.4699998,27.619047164917
NICARAGUA,2021,841965852.1000001,19.5238094329834
NICARAGUA,2022,766877978.1700001,18.3962268829346
NICARAGUA,2023,889648044.3300002,20.2830181121826
NIGER,2013,-12597051.0,30.8056869506836
NIGER,2014,-12443027.0,25.9615383148193
NIGER,2015,-10537674.0,25.238094329834
NIGER,2016,-5681131.541,25.7142848968506
NIGER,2017,-5777603.971999999,26.1904754638672
NIGER,2018,-4083432.391,26.1904754638672
NIGER,2019,-8364127.947000002,25.238094329834
NIGER,2020,-7948316.245999999,21.9047622680664
NIGER,2021,-10418738.685,24.2857151031494
NIGER,2022,-12938140.807999998,23.1132068634033
NIGER,2023,-6966577.655999999,20.7547168731689
NIGERIA,2013,-62794501.0,26.5402851104736
NIGERIA,2014,-54964051.0,23.0769233703613
NIGERIA,2015,-37299827.88999999,20.0
NIGERIA,2016,-31308434.0,17.1428565979004
NIGERIA,2017,-26112705.149000004,16.1904754638672
NIGERIA,2018,-41590012.12,16.6666660308838
NIGERIA,2019,-46606042.7,14.7619047164917
NIGERIA,2020,-67068919.16000001,13.3333330154419
NIGERIA,2021,-234357900.033,15.7142858505249
NIGERIA,2022,-181098700.877,12.2641506195068
NIGERIA,2023,-144359331.018,16.9811325073242
NORTH MACEDONIA,2013,555033555.0,60.1895751953125
NORTH MACEDONIA,2014,596644751.0,65.8653869628906
NORTH MACEDONIA,2015,461397673.7800001,65.2380981445312
NORTH MACEDONIA,2016,438080329.68999994,66.1904754638672
NORTH MACEDONIA,2017,433806595.7900001,69.523811340332
NORTH MACEDONIA,2018,432426444.02,70.0
NORTH MACEDONIA,2019,377883394.76,65.7142868041992
NORTH MACEDONIA,2020,301940276.38800013,64.7619018554688
NORTH MACEDONIA,2021,265767690.3499999,65.2380981445312
NORTH MACEDONIA,2022,275969073.3599999,66.9811325073242
NORTH MACEDONIA,2023,311695036.179,66.0377349853516
NORWAY,2013,-2647566392.0,94.7867279052734
NORWAY,2014,-2575905961.0,92.788459777832
NORWAY,2015,-2260665132.205,92.3809509277344
NORWAY,2016,-2244385214.0,92.8571395874023
NORWAY,2017,-2404719616.727,96.1904754638672
NORWAY,2018,-2449858175.825,96.6666641235352
NORWAY,2019,-2334963921.965,97.1428604125977
NORWAY,2020,-2196986662.828,95.7142868041992
NORWAY,2021,-2688716600.6560006,95.2380981445312
NORWAY,2022,-2598962126.1710005,91.9811325073242
NORWAY,2023,-2171593356.9160004,93.3962249755859
OMAN,2013,-185321792.0,67.2985763549805
OMAN,2014,-202221641.098,72.5961532592773
OMAN,2015,-241183411.32300004,69.523811340332
OMAN,2016,-191774320.84,70.9523773193359
OMAN,2017,-203417204.06199995,67.6190490722656
OMAN,2018,-227083841.72300005,61.4285697937012
OMAN,2019,-234581008.79700008,62.8571434020996
OMAN,2020,-171704733.57199997,65.2380981445312
OMAN,2021,-267674444.31399995,62.8571434020996
OMAN,2022,-269866400.09699994,65.5660400390625
OMAN,2023,-282597479.401,66.5094375610352
PAKISTAN,2013,4976061927.0,26.0663509368896
PAKISTAN,2014,5384841355.0,27.884614944458
PAKISTAN,2015,5350805164.0,28.0952377319336
PAKISTAN,2016,5398097506.0,27.1428565979004
PAKISTAN,2017,5734381519.904,29.0476188659668
PAKISTAN,2018,6190171337.485,27.619047164917
PAKISTAN,2019,6563537362.548999,27.1428565979004
PAKISTAN,2020,6372840281.369,24.2857151031494
PAKISTAN,2021,8646577986.178999,23.8095245361328
PAKISTAN,2022,9818501156.549002,20.2830181121826
PAKISTAN,2023,8268766723.964001,19.8113212585449
PALESTINE,2013,-90747050.0,55.4502372741699
PALESTINE,2014,-59069954.0,60.5769233703613
PALESTINE,2015,-72650510.0,55.238094329834
PALESTINE,2016,-85660973.0,54.761905670166
PALESTINE,2017,-66693606.08400001,53.8095245361328
PALESTINE,2018,-61556475.679000005,53.8095245361328
PALESTINE,2019,-68991261.96,54.761905670166
PALESTINE,2020,-66336159.23,55.238094329834
PALESTINE,2021,-95238358.17,50.9523811340332
PALESTINE,2022,-109698226.455,51.4150924682617
PALESTINE,2023,-78567240.24099998,41.9811325073242
PANAMA,2013,-247084095.0,65.8767776489258
PANAMA,2014,-203651571.0,67.788459777832
PANAMA,2015,-594988954.0,67.1428604125977
PANAMA,2016,-336063522.0,66.6666641235352
PANAMA,2017,-364650598.0,68.0952377319336
PANAMA,2018,-370139326.0,64.7619018554688
PANAMA,2019,-367884179.0,64.2857131958008
PANAMA,2020,-128959094.0,61.9047622680664
PANAMA,2021,-511257182.0,59.0476188659668
PANAMA,2022,-458745945.0,55.1886787414551
PANAMA,2023,-444616781.0,55.6603775024414
PARAGUAY,2013,-91172606.0,45.0236968994141
PARAGUAY,2014,-79497676.0,48.0769233703613
PARAGUAY,2015,-64325294.0,45.7142868041992
PARAGUAY,2016,-66065181.120000005,44.2857131958008
PARAGUAY,2017,-96798608.0,43.3333320617676
PARAGUAY,2018,-79835045.0,49.523811340332
PARAGUAY,2019,-69080848.0,48.0952377319336
PARAGUAY,2020,-34408206.0,45.7142868041992
PARAGUAY,2021,-17083994.0,44.761905670166
PARAGUAY,2022,-36138034.93000002,45.2830200195312
PARAGUAY,2023,-43355659.99200003,50.4716987609863
PERU,2013,1153221697.82,64.9289093017578
PERU,2014,465579024.2499995,67.3076934814453
PERU,2015,520450770.5700002,66.6666641235352
PERU,2016,217713312.09000003,67.6190490722656
PERU,2017,190868898.4899999,66.1904754638672
PERU,2018,165253636.88000023,68.0952377319336
PERU,2019,129954950.55000009,69.523811340332
PERU,2020,34028435.49999988,67.1428604125977
PERU,2021,358331752.2609999,55.238094329834
PERU,2022,354421668.9120004,59.9056587219238
PERU,2023,254844126.02,60.3773574829102
PHILIPPINES,2013,1352770817.0,53.554500579834
PHILIPPINES,2014,1548866823.0,54.8076934814453
PHILIPPINES,2015,1100944943.0,53.8095245361328
PHILIPPINES,2016,657733224.0,57.6190490722656
PHILIPPINES,2017,638711334.0,59.523811340332
PHILIPPINES,2018,387225028.69000006,56.1904754638672
PHILIPPINES,2019,304698439.0,60.0
PHILIPPINES,2020,156579696.0,57.1428565979004
PHILIPPINES,2021,302480872.0,54.761905670166
PHILIPPINES,2022,179626684.0,53.7735862731934
PHILIPPINES,2023,-40646559.0,57.5471687316895
POLAND,2013,-242161807.0,80.568717956543
POLAND,2014,-734919816.0,81.25
POLAND,2015,-970876745.0,79.523811340332
POLAND,2016,-946949007.0,79.523811340332
POLAND,2017,-1271258392.0,76.1904754638672
POLAND,2018,-1647919568.0,78.5714263916016
POLAND,2019,-1586020269.0,80.476188659668
POLAND,2020,-2011928104.0,76.1904754638672
POLAND,2021,-1820020486.0,75.7142868041992
POLAND,2022,-3186037845.0,74.5283050537109
POLAND,2023,-1888415418.0,76.4150924682617
PORTUGAL,2013,1173321991.0,75.3554534912109
PORTUGAL,2014,1205518351.0,74.038459777832
PORTUGAL,2015,935423744.143,79.0476226806641
PORTUGAL,2016,1102764757.3969998,76.1904754638672
PORTUGAL,2017,1096867938.546,79.0476226806641
PORTUGAL,2018,1159278117.992,79.0476226806641
PORTUGAL,2019,692433886.4419994,77.6190490722656
PORTUGAL,2020,747151644.8700004,75.2380981445312
PORTUGAL,2021,1098879642.334,73.3333358764648
PORTUGAL,2022,617977243.6349993,75.0
PORTUGAL,2023,414713808.2980008,75.4716949462891
QATAR,2013,-407639220.1190001,73.459716796875
QATAR,2014,-566676093.0,69.711540222168
QATAR,2015,-576247661.3869998,71.9047622680664
QATAR,2016,-646838472.364,72.8571395874023
QATAR,2017,-720018582.9519999,67.1428604125977
QATAR,2018,-731730322.2819998,71.9047622680664
QATAR,2019,-687265330.8009999,73.8095245361328
QATAR,2020,-694770216.862,75.7142868041992
QATAR,2021,-783309672.5040002,77.1428604125977
QATAR,2022,-846617974.89,77.3584899902344
QATAR,2023,-738032004.1400001,81.1320724487305
ROMANIA,2013,2450284281.0,71.5639801025391
ROMANIA,2014,2468577155.0,70.6730804443359
ROMANIA,2015,1922241408.0,70.0
ROMANIA,2016,1645048237.0,69.0476226806641
ROMANIA,2017,1268045081.35,68.5714263916016
ROMANIA,2018,1017793646.9499998,67.1428604125977
ROMANIA,2019,599240387.1299996,66.1904754638672
ROMANIA,2020,-12017617.52000022,62.8571434020996
ROMANIA,2021,-387932307.7999987,61.9047622680664
ROMANIA,2022,-462335305.3200002,63.6792449951172
ROMANIA,2023,-369681845.24000025,63.2075462341309
RUSSIAN FEDERATION,2013,-8853810724.0,39.3364944458008
RUSSIAN FEDERATION,2014,-8239388157.0,37.980770111084
RUSSIAN FEDERATION,2015,-5343756637.0,30.9523811340332
RUSSIAN FEDERATION,2016,-5951349796.990001,36.1904754638672
RUSSIAN FEDERATION,2017,-7690689554.870001,30.9523811340332
RUSSIAN FEDERATION,2018,-7546209881.75,30.0
RUSSIAN FEDERATION,2019,-7767332091.200001,33.8095245361328
RUSSIAN FEDERATION,2020,-7181483973.054999,34.761905670166
RUSSIAN FEDERATION,2021,-8437878515.637,32.8571434020996
RWANDA,2013,-11540113.074,52.6066360473633
RWANDA,2014,-16741256.789,60.0961532592773
RWANDA,2015,-27770883.393,58.0952377319336
RWANDA,2016,-26885987.619000006,53.8095245361328
RWANDA,2017,-15664330.693000002,57.6190490722656
RWANDA,2018,-18981481.73,57.1428565979004
RWANDA,2019,-31099770.940000005,53.3333320617676
RWANDA,2020,-31775552.209999993,51.9047622680664
RWANDA,2021,-44139196.16,53.8095245361328
RWANDA,2022,-40018437.84,58.0188674926758
SAINT LUCIA,2013,-4769809.0,62.0853080749512
SAINT LUCIA,2014,-5986371.0,62.019229888916
SAINT LUCIA,2015,-4445142.0,64.2857131958008
SAINT LUCIA,2016,-4757701.0,64.7619018554688
SAINT LUCIA,2017,-3827350.043000001,65.2380981445312
SAINT LUCIA,2018,-6298605.8500000015,63.8095245361328
SAINT LUCIA,2019,-3318582.410000002,63.3333320617676
SAINT LUCIA,2020,-4101880.65,63.8095245361328
SAINT VINCENT AND THE GRENADINES,2013,-5229429.714999999,62.5592422485352
SAINT VINCENT AND THE GRENADINES,2014,-5329319.789,64.9038467407227
SAINT VINCENT AND THE GRENADINES,2015,-6427270.11,63.3333320617676
SAINT VINCENT AND THE GRENADINES,2016,-5575341.689999998,64.2857131958008
SAINT VINCENT AND THE GRENADINES,2017,-5622812.897,63.8095245361328
SAINT VINCENT AND THE GRENADINES,2018,-6046539.453,63.3333320617676
SAINT VINCENT AND THE GRENADINES,2019,-5918302.880000001,62.3809509277344
SAINT VINCENT AND THE GRENADINES,2020,-5396717.77,62.3809509277344
SAINT VINCENT AND THE GRENADINES,2021,-7344528.720000001,63.8095245361328
SAINT VINCENT AND THE GRENADINES,2022,-6935056.578000001,63.2075462341309
SAINT VINCENT AND THE GRENADINES,2023,-7977612.167,62.2641525268555
SAMOA,2013,-3729899.0,44.5497627258301
SAMOA,2014,-3922012.0,47.5961532592773
SAMOA,2015,-4322932.0,50.9523811340332
SAMOA,2016,-3811605.0,48.0952377319336
SAMOA,2017,-4272994.511,49.0476188659668
SAMOA,2018,-4770389.093,47.6190490722656
SAMOA,2019,-6271735.41,43.3333320617676
SAMOA,2021,-5983522.671999999,45.238094329834
SAMOA,2022,-7724222.25,41.9811325073242
SAMOA,2023,-8138671.079000001,42.9245300292969
SAO TOME AND PRINCIPE,2013,-911501.0,23.6966819763184
SAO TOME AND PRINCIPE,2014,-2389483.0,23.5576915740967
SAO TOME AND PRINCIPE,2015,-999245.0,22.8571434020996
SAO TOME AND PRINCIPE,2016,-1455049.0,20.0
SAO TOME AND PRINCIPE,2017,-705122.6510000001,16.6666660308838
SAO TOME AND PRINCIPE,2018,-1164801.0429999998,15.2380952835083
SAO TOME AND PRINCIPE,2019,-1095788.6409999998,13.8095235824585
SAO TOME AND PRINCIPE,2020,-1295107.317,14.7619047164917
SAO TOME AND PRINCIPE,2021,-1699355.3019999997,15.2380952835083
SAO TOME AND PRINCIPE,2022,-925206.059,19.8113212585449
SAO TOME AND PRINCIPE,2023,-897482.003,16.5094337463379
SAUDI ARABIA,2013,-2979362656.0,54.502368927002
SAUDI ARABIA,2014,-3229222134.0,52.4038467407227
SAUDI ARABIA,2015,-3649261880.709001,51.9047622680664
SAUDI ARABIA,2016,-3417770229.6519995,56.1904754638672
SAUDI ARABIA,2017,-3282284783.2769995,52.8571434020996
SAUDI ARABIA,2018,-3216698236.754,49.0476188659668
SAUDI ARABIA,2019,-4016538348.119999,49.523811340332
SAUDI ARABIA,2020,-3527795380.339,60.0
SAUDI ARABIA,2021,-4086159773.847,63.3333320617676
SAUDI ARABIA,2022,-4399570163.344,65.0943374633789
SAUDI ARABIA,2023,-4242093049.416002,68.8679275512695
SENEGAL,2013,-22590577.0,51.1848335266113
SENEGAL,2014,-22743246.0,44.711540222168
SENEGAL,2015,-21218975.0,45.238094329834
SENEGAL,2016,-21467457.0,45.7142868041992
SENEGAL,2017,-23055658.924999997,44.2857131958008
SENEGAL,2018,-26707040.681,46.1904754638672
SENEGAL,2019,-33836681.643,46.1904754638672
SENEGAL,2020,-34608233.495000005,41.4285697937012
SENEGAL,2021,-41429827.55099999,40.9523811340332
SENEGAL,2022,-39959108.091,41.0377349853516
SENEGAL,2023,-38067186.731000006,39.1509437561035
SERBIA,2013,269065951.0,51.6587677001953
SERBIA,2014,262632552.0,59.6153831481934
SERBIA,2015,227375445.0,57.1428565979004
SERBIA,2016,261496876.0,54.2857131958008
SERBIA,2017,317971593.0,51.9047622680664
SERBIA,2018,289925017.0,59.523811340332
SERBIA,2019,233182017.0,59.523811340332
SERBIA,2020,163436456.0,56.1904754638672
SERBIA,2021,123328397.0,53.3333320617676
SERBIA,2022,201185210.0,56.1320762634277
SERBIA,2023,277375825.0,56.6037750244141
SEYCHELLES,2013,-18205002.612,48.3412322998047
SEYCHELLES,2014,-15470120.916999996,44.230770111084
SEYCHELLES,2015,-7993801.455999999,56.6666679382324
SEYCHELLES,2016,-7073361.634000001,50.476188659668
SEYCHELLES,2017,-6899816.191,55.238094329834
SEYCHELLES,2018,-8104981.497,55.7142868041992
SEYCHELLES,2019,-8990862.127999999,56.1904754638672
SEYCHELLES,2020,-8434257.153,53.8095245361328
SEYCHELLES,2021,-10066110.917,52.8571434020996
SEYCHELLES,2022,-11438992.911,62.2641525268555
SEYCHELLES,2023,-13363800.958,58.9622650146484
SINGAPORE,2013,-1638940958.7060006,100.0
SINGAPORE,2014,-1232752675.7199993,100.0
SINGAPORE,2015,-1084350369.247,100.0
SINGAPORE,2016,-1008804890.2250004,100.0
SINGAPORE,2017,-1038999945.696,99.523811340332
SINGAPORE,2018,-1097380393.651,99.523811340332
SINGAPORE,2019,-1120971436.6069996,100.0
SINGAPORE,2020,-1175290853.304,100.0
SINGAPORE,2021,-849905929.2119999,100.0
SINGAPORE,2022,-1077392961.809,100.0
SINGAPORE,2023,-1088444723.021,100.0
SLOVAKIA,2013,-128203974.28799988,78.6729888916016
SLOVAKIA,2014,-162885748.67499948,78.8461532592773
SLOVAKIA,2015,-209983990.5579996,75.2380981445312
SLOVAKIA,2016,-371718642.36199987,79.0476226806641
SLOVAKIA,2017,-329881087.1110003,76.6666641235352
SLOVAKIA,2018,-319252948.0449996,75.7142868041992
SLOVAKIA,2019,-419965396.2590003,79.523811340332
SLOVAKIA,2020,-398859965.9490003,74.2857131958008
SLOVAKIA,2021,-521895538.56799936,77.6190490722656
SLOVAKIA,2022,-571165886.5010002,76.8867950439453
SLOVAKIA,2023,-478234332.5410001,71.2264175415039
SLOVENIA,2013,-273405183.0,70.6161117553711
SLOVENIA,2014,-309829511.0,72.1153869628906
SLOVENIA,2015,-273221978.0,71.4285736083984
SLOVENIA,2016,-309670639.12999994,71.4285736083984
SLOVENIA,2017,-372061254.5199999,71.4285736083984
SLOVENIA,2018,-382838118.29,73.8095245361328
SLOVENIA,2019,-392641906.1400001,79.0476226806641
SLOVENIA,2020,-345603705.9089999,77.1428604125977
SLOVENIA,2021,-428834289.9060002,74.7619018554688
SLOVENIA,2022,-433608639.436,73.5849075317383
SLOVENIA,2023,-384093158.01700014,75.0
SOUTH AFRICA,2013,-1367819521.453,64.4549789428711
SOUTH AFRICA,2014,-1334561723.029,61.538459777832
SOUTH AFRICA,2015,-1373996067.172,60.9523811340332
SOUTH AFRICA,2016,-1295292839.7259998,58.0952377319336
SOUTH AFRICA,2017,-1312927854.0319998,60.476188659668
SOUTH AFRICA,2018,-1477745490.884,50.476188659668
SOUTH AFRICA,2019,-1509394295.0349996,55.238094329834
SOUTH AFRICA,2020,-1254158844.166,53.3333320617676
SOUTH AFRICA,2021,-1578941715.2010002,49.523811340332
SOUTH AFRICA,2022,-1707244514.7280002,44.3396224975586
SOUTH AFRICA,2023,-1475270209.309,44.3396224975586
SPAIN,2013,-3621643635.993999,79.1469192504883
SPAIN,2014,-4745731477.934999,74.5192337036133
SPAIN,2015,-4636944708.400997,75.7142868041992
SPAIN,2016,-4890916386.242001,81.4285736083984
SPAIN,2017,-4401666196.589996,79.523811340332
SPAIN,2018,-5420373224.644999,80.476188659668
SPAIN,2019,-5423726204.236994,81.9047622680664
SPAIN,2020,-5348553280.256002,73.8095245361328
SPAIN,2021,-3663012238.4170017,73.8095245361328
SPAIN,2022,-7023231540.243004,75.9433975219727
SPAIN,2023,-6270383778.803003,74.5283050537109
SRI LANKA,2013,8638784756.0,46.445499420166
SRI LANKA,2014,4655161602.0,49.519229888916
SRI LANKA,2015,4422208198.0,51.4285697937012
SRI LANKA,2016,4504711772.0,49.523811340332
SRI LANKA,2017,4662199843.814,46.1904754638672
SRI LANKA,2019,5210949935.967999,43.8095245361328
SRI LANKA,2020,4367311033.459,43.3333320617676
SRI LANKA,2021,5528664601.538,38.5714302062988
SRI LANKA,2022,5886111958.509,27.3584899902344
SRI LANKA,2023,4602207298.950002,33.0188674926758
SURINAME,2013,-12664397.0,36.0189590454102
SURINAME,2014,-13823797.0,28.8461532592773
SURINAME,2015,-13181631.436,29.0476188659668
SURINAME,2016,-5659922.476999999,27.619047164917
SURINAME,2017,-8180285.322999998,30.0
SURINAME,2018,-9681071.736,27.1428565979004
SURINAME,2019,-13389730.308,26.6666660308838
SURINAME,2020,-11704984.673,22.380952835083
SURINAME,2021,-13655605.06,25.238094329834
SURINAME,2022,-10412369.74,21.2264156341553
SURINAME,2023,-9595323.465,23.1132068634033
SWEDEN,2013,-2436695193.5739994,99.052131652832
SWEDEN,2014,-2584739750.2349997,96.6346130371094
SWEDEN,2015,-2302914893.6949997,97.1428604125977
SWEDEN,2016,-2485933783.8529987,97.1428604125977
SWEDEN,2017,-2573049270.4659996,95.7142868041992
SWEDEN,2018,-2636678695.9189997,97.6190490722656
SWEDEN,2019,-2523552752.140998,96.6666641235352
SWEDEN,2020,-2084449035.9319997,95.2380981445312
SWEDEN,2021,-2599111651.5989995,96.6666641235352
SWEDEN,2022,-2814281286.726001,96.2264175415039
SWEDEN,2023,-1882558104.2999997,95.2830200195312
SWITZERLAND,2013,-4509045489.298,94.3127975463867
SWITZERLAND,2014,-4750293551.605,96.1538467407227
SWITZERLAND,2015,-4225571774.552999,95.2380981445312
SWITZERLAND,2016,-4369852606.912001,98.0952377319336
SWITZERLAND,2017,-4601482071.847001,97.1428604125977
SWITZERLAND,2018,-4926087149.466,97.1428604125977
SWITZERLAND,2019,-4961466408.758001,94.7619018554688
SWITZERLAND,2020,-5150279511.674999,93.8095245361328
SWITZERLAND,2021,-5713135028.552001,95.7142868041992
SWITZERLAND,2022,-5614885881.242999,94.3396224975586
SWITZERLAND,2023,-5541932299.800999,95.7547149658203
TAJIKISTAN,2016,-5906439.0,10.9523811340332
TAJIKISTAN,2017,1143599.0,11.9047622680664
TAJIKISTAN,2018,3358035.0,11.4285717010498
TAJIKISTAN,2019,-6278607.0,11.4285717010498
TAJIKISTAN,2020,172824.8299999982,11.4285717010498
TAJIKISTAN,2021,4665548.199999999,11.4285717010498
TAJIKISTAN,2022,2656069.5,11.3207550048828
TAJIKISTAN,2023,16472212.0,11.3207550048828
TANZANIA,2013,-52174894.0,39.8104248046875
TANZANIA,2014,-48485291.0,38.9423065185547
TANZANIA,2015,-37197726.0,36.6666679382324
TANZANIA,2016,-17765717.0,34.2857131958008
TANZANIA,2017,-3181907.3200000003,29.5238094329834
TANZANIA,2018,-65421809.77800002,29.0476188659668
TANZANIA,2019,-37011027.58999999,28.0952377319336
TANZANIA,2020,-45776778.67,26.1904754638672
TANZANIA,2021,-67002201.79000001,29.0476188659668
TANZANIA,2022,-70734777.81,30.1886787414551
TANZANIA,2023,-56001678.768,30.1886787414551
THAILAND,2013,3356198912.0,55.9241714477539
THAILAND,2014,3300802006.0,57.211540222168
THAILAND,2015,2864855752.609999,60.476188659668
THAILAND,2016,2477318035.21,55.238094329834
THAILAND,2017,2451201198.63,54.2857131958008
THAILAND,2018,2416098990.3199997,50.0
THAILAND,2019,2477974950.309001,51.9047622680664
THAILAND,2020,3444400445.0170007,55.7142868041992
THAILAND,2021,4329152831.253999,56.6666679382324
THAILAND,2022,2774752371.602,58.4905662536621
THAILAND,2023,1918858758.888001,57.0754699707031
TIMOR-LESTE,2013,-910966.0,17.5355453491211
TIMOR-LESTE,2017,-2239817.0199999996,24.761905670166
TIMOR-LESTE,2018,-2299861.8800000004,22.380952835083
TIMOR-LESTE,2019,-2816633.07,21.4285717010498
TIMOR-LESTE,2020,-2865589.9,24.761905670166
TIMOR-LESTE,2021,-3426624.4099999997,23.3333339691162
TIMOR-LESTE,2022,-6921971.97,33.9622650146484
TIMOR-LESTE,2023,-7878560.12,34.4339637756348
TOGO,2013,-18244980.012,18.9573459625244
TOGO,2014,-15338890.019,22.5961532592773
TOGO,2015,-8034975.876999998,21.4285717010498
TOGO,2016,-14168426.965000002,20.9523811340332
TOGO,2017,-12731667.798,19.5238094329834
TOGO,2018,-10739716.173,25.7142848968506
TOGO,2019,-14065086.073999995,23.8095245361328
TOGO,2020,-29109287.448000003,29.5238094329834
TOGO,2021,-35095529.956,28.0952377319336
TOGO,2022,-27377902.753,30.6603775024414
TOGO,2023,-38735460.16599999,33.9622650146484
TRINIDAD AND TOBAGO,2013,-50245314.38599999,58.7677726745605
TRINIDAD AND TOBAGO,2014,-44495964.033999994,55.769229888916
TRINIDAD AND TOBAGO,2015,-53982476.14699999,54.2857131958008
TRINIDAD AND TOBAGO,2016,-53086585.74599999,52.3809509277344
TRINIDAD AND TOBAGO,2017,-47482811.538,54.761905670166
TRINIDAD AND TOBAGO,2018,-52647463.58299999,48.5714302062988
TRINIDAD AND TOBAGO,2019,-60345162.15099999,45.238094329834
TRINIDAD AND TOBAGO,2020,-46371988.851,45.238094329834
TRINIDAD AND TOBAGO,2021,-49128464.41999999,48.5714302062988
TRINIDAD AND TOBAGO,2022,-67841740.85399999,50.0
TRINIDAD AND TOBAGO,2023,-67841295.69999997,47.6415100097656
TUNISIA,2013,2336782594.0,43.6018943786621
TUNISIA,2014,2287790711.0,40.8653831481934
TUNISIA,2015,1762139868.0,39.523811340332
TUNISIA,2016,1735958405.0,35.238094329834
TUNISIA,2017,1797973318.617,39.0476188659668
TUNISIA,2018,2007113330.5980003,33.8095245361328
TUNISIA,2019,1868174554.1960008,38.5714302062988
TUNISIA,2020,1617336398.97,40.9523811340332
TUNISIA,2021,1854563072.454,38.0952377319336
TUNISIA,2022,2069997887.1100004,37.2641525268555
TUNISIA,2023,2224039601.552,28.7735843658447
TURKIYE,2013,13265500126.0,66.8246459960938
TURKIYE,2014,14496996588.0,66.3461532592773
TURKIYE,2015,13035346194.0,62.8571434020996
TURKIYE,2016,13172364656.0,61.4285697937012
TURKIYE,2017,13534499773.0,56.1904754638672
TURKIYE,2018,14299379954.0,55.238094329834
TURKIYE,2019,14811277632.0,52.3809509277344
TURKIYE,2020,13841972244.0,50.476188659668
TURKIYE,2021,16906223264.0,48.0952377319336
TURKIYE,2022,17337221791.0,43.3962249755859
TURKIYE,2023,15679461028.0,43.8679237365723
UGANDA,2013,-41375846.0,44.0758285522461
UGANDA,2014,-44850009.0,45.1923065185547
UGANDA,2015,-36638521.0,43.8095245361328
UGANDA,2016,-36589104.0,43.3333320617676
UGANDA,2017,-46243766.14,41.9047622680664
UGANDA,2018,-60889244.9,41.4285697937012
UGANDA,2019,-60668187.7,36.6666679382324
UGANDA,2020,-65069363.0,36.1904754638672
UGANDA,2021,-76571556.22999999,34.761905670166
UGANDA,2022,-75068531.31,33.0188674926758
UGANDA,2023,-75663346.57999998,32.5471687316895
UKRAINE,2013,-368057250.0,30.3317527770996
UKRAINE,2014,-20606955.0,31.25
UKRAINE,2015,82431293.0,30.0
UKRAINE,2016,120143124.9199999,38.5714302062988
UKRAINE,2017,120016050.51,40.476188659668
UKRAINE,2018,20770382.059999943,43.3333320617676
UKRAINE,2019,-285078055.0,44.761905670166
UKRAINE,2020,-327915350.33,42.3809509277344
UKRAINE,2021,-478098573.86999995,42.3809509277344
UKRAINE,2022,-717970621.2300004,40.5660362243652
UKRAINE,2023,-697949204.2600001,43.3962249755859
UNITED ARAB EMIRATES,2013,-2661154182.5,74.407585144043
UNITED ARAB EMIRATES,2014,-3090498323.342,80.288459777832
UNITED ARAB EMIRATES,2015,-2819149575.191001,81.9047622680664
UNITED ARAB EMIRATES,2016,-2247355851.46,80.476188659668
UNITED ARAB EMIRATES,2017,-2959007298.8200006,80.476188659668
UNITED ARAB EMIRATES,2018,-2083557674.512,79.523811340332
UNITED ARAB EMIRATES,2019,-1861392251.227,78.0952377319336
UNITED ARAB EMIRATES,2020,-1554122646.8139997,82.8571395874023
UNITED ARAB EMIRATES,2021,-1910785448.367,81.9047622680664
UNITED ARAB EMIRATES,2022,-2272569306.824001,82.0754699707031
UNITED ARAB EMIRATES,2023,-2928096436.7389994,82.0754699707031
UNITED KINGDOM,2013,-18376488679.0,96.2085342407227
UNITED KINGDOM,2014,-19966605645.0,97.1153869628906
UNITED KINGDOM,2015,-19091344515.0,98.5714263916016
UNITED KINGDOM,2016,-17310579154.0,95.2380981445312
UNITED KINGDOM,2017,-16932375084.410992,94.2857131958008
UNITED KINGDOM,2018,-17355661176.913002,95.7142868041992
UNITED KINGDOM,2019,-17223952731.588005,93.8095245361328
UNITED KINGDOM,2020,-18512345927.654003,92.3809509277344
UNITED KINGDOM,2021,-17407387814.914,90.9523773193359
UNITED KINGDOM,2022,-20698486322.318,93.3962249755859
UNITED KINGDOM,2023,-16707451930.035,92.9245300292969
URUGUAY,2013,-210576225.0,72.511848449707
URUGUAY,2014,-221104873.0,73.5576934814453
URUGUAY,2015,-233069176.0,70.9523773193359
URUGUAY,2016,-213917304.0,72.3809509277344
URUGUAY,2017,-257906922.41000003,72.8571395874023
URUGUAY,2018,-281339581.73999995,72.8571395874023
URUGUAY,2019,-253837327.66,72.8571395874023
URUGUAY,2020,-199468766.18,73.3333358764648
URUGUAY,2021,-237933274.89,72.8571395874023
URUGUAY,2022,-310148178.75000006,74.0566024780273
URUGUAY,2023,-307332623.62000006,73.5849075317383
UZBEKISTAN,2017,242419193.31,8.5714282989502
UZBEKISTAN,2018,249528086.11,10.0
UZBEKISTAN,2019,304243171.0200001,11.9047622680664
UZBEKISTAN,2020,463349792.5500001,13.8095235824585
UZBEKISTAN,2021,600925038.9300001,31.9047622680664
UZBEKISTAN,2022,856740796.12,31.6037731170654
UZBEKISTAN,2023,1174071902.69,31.1320762634277
VIET NAM,2013,16257250529.0,28.9099521636963
VIET NAM,2014,19161227461.0,30.769229888916
VIET NAM,2015,20879542940.0,34.2857131958008
VIET NAM,2016,21845607458.93,32.3809509277344
VIET NAM,2017,23861441382.8,34.761905670166
VIET NAM,2018,27650596366.57,38.0952377319336
VIET NAM,2019,29564018635.78,39.0476188659668
VIET NAM,2020,26857984050.7,42.8571434020996
VIET NAM,2021,29194197814.221996,37.6190490722656
VIET NAM,2022,33524892471.783005,36.3207550048828
VIET NAM,2023,29582722941.814,38.2075462341309
ZAMBIA,2013,-61868030.935,34.1232223510742
ZAMBIA,2014,-52987297.804,32.211540222168
ZAMBIA,2015,-48897105.78499999,34.761905670166
ZAMBIA,2016,-45092479.65299998,30.9523811340332
ZAMBIA,2017,-53455688.140999995,32.3809509277344
ZAMBIA,2018,-55030583.214,32.8571434020996
ZAMBIA,2019,-68279568.161,29.0476188659668
ZAMBIA,2020,-70721013.19699998,26.6666660308838
ZAMBIA,2021,-64187828.33799999,32.3809509277344
ZAMBIA,2022,-81020046.87799999,32.0754699707031
ZAMBIA,2023,-52557128.945999995,33.4905662536621
ZIMBABWE,2013,-34472690.010000005,1.89573454856873
ZIMBABWE,2014,-22714887.97,2.4038462638855
ZIMBABWE,2015,-16678529.44,4.2857141494751
ZIMBABWE,2016,-9223271.83,3.33333325386047
ZIMBABWE,2017,-2797763.210000001,4.2857141494751
ZIMBABWE,2018,-5867075.820000002,5.2380952835083
ZIMBABWE,2019,1230332.59,6.1904764175415
ZIMBABWE,2020,-9856130.870000005,7.61904764175415
ZIMBABWE,2021,-21508787.370000005,7.14285707473755
ZIMBABWE,2022,-30134264.299999997,6.60377359390259
ZIMBABWE,2023,-15891273.870000005,8.96226406097412
